日期,return,收盘,开盘,高,低,交易量,涨跌幅
2023/4/10,0.00131253,"7,219.81","7,219.81","7,219.81","7,219.81",,0.13%
2023/4/7,0.003448217,"7,210.34","7,210.34","7,210.34","7,210.34",337.20M,0.35%
2023/4/6,-0.002721219,"7,185.52","7,185.52","7,185.52","7,185.52",24.44M,-0.27%
2023/4/5,-0.020021403,"7,205.10","7,205.10","7,205.10","7,205.10",,-1.98%
2023/4/4,-0.006393775,"7,350.81","7,350.81","7,350.81","7,350.81",370.17M,-0.64%
2023/4/3,0.010546145,"7,397.96","7,397.96","7,397.96","7,397.96",470.31M,1.06%
2023/3/31,0.011827302,"7,320.35","7,320.35","7,320.35","7,320.35",549.86M,1.19%
2023/3/30,0.040558354,"7,234.28","7,234.28","7,234.28","7,234.28",652.16M,4.14%
2023/3/29,0.01875618,"6,946.74","6,946.74","6,946.74","6,946.74",412.44M,1.89%
2023/3/28,-0.02392795,"6,817.66","6,817.66","6,817.66","6,817.66",546.85M,-2.36%
2023/3/27,-0.007066723,"6,982.76","6,982.76","6,982.76","6,982.76",550.09M,-0.70%
2023/3/24,0.054685831,"7,032.28","7,032.28","7,032.28","7,032.28",591.84M,5.62%
2023/3/23,0.008310143,"6,658.04","6,658.04","6,658.04","6,658.04",327.62M,0.83%
2023/3/22,0.019198897,"6,602.94","6,602.94","6,602.94","6,602.94",295.32M,1.94%
2023/3/21,-0.031554591,"6,477.38","6,477.38","6,477.38","6,477.38",391.72M,-3.11%
2023/3/20,0.018189785,"6,685.03","6,685.03","6,685.03","6,685.03",568.65M,1.84%
2023/3/17,-0.007926422,"6,564.53","6,564.53","6,564.53","6,564.53",380.76M,-0.79%
2023/3/16,0.00763703,"6,616.77","6,616.77","6,616.77","6,616.77",401.00M,0.77%
2023/3/15,-0.025555352,"6,566.43","6,566.43","6,566.43","6,566.43",402.80M,-2.52%
2023/3/14,0.025803615,"6,736.40","6,736.40","6,736.40","6,736.40",459.74M,2.61%
2023/3/13,-0.03234945,"6,564.80","6,564.80","6,564.80","6,564.80",756.87M,-3.18%
2023/3/10,-0.022820976,"6,780.64","6,780.64","6,780.64","6,780.64",301.94M,-2.26%
2023/3/9,-0.023847178,"6,937.16","6,937.16","6,937.16","6,937.16",383.58M,-2.36%
2023/3/8,-0.006512561,"7,104.58","7,104.58","7,104.58","7,104.58",331.26M,-0.65%
2023/3/7,-0.010640988,"7,151.00","7,151.00","7,151.00","7,151.00",316.11M,-1.06%
2023/3/6,0.018173129,"7,227.50","7,227.50","7,227.50","7,227.50",331.47M,1.83%
2023/3/3,-0.023957818,"7,097.34","7,097.34","7,097.34","7,097.34",371.26M,-2.37%
2023/3/2,0.05912125,"7,269.43","7,269.43","7,269.43","7,269.43",523.75M,6.09%
2023/3/1,-0.015516513,"6,852.11","6,852.11","6,852.11","6,852.11",428.82M,-1.54%
2023/2/28,0.011296077,"6,959.26","6,959.26","6,959.26","6,959.26",432.85M,1.14%
2023/2/27,-0.040361206,"6,881.09","6,881.09","6,881.09","6,881.09",423.18M,-3.96%
2023/2/24,0.012780041,"7,164.50","7,164.50","7,164.50","7,164.50",332.31M,1.29%
2023/2/23,-0.010437988,"7,073.52","7,073.52","7,073.52","7,073.52",440.54M,-1.04%
2023/2/22,-0.046791266,"7,147.74","7,147.74","7,147.74","7,147.74",406.00M,-4.57%
2023/2/21,0.006212735,"7,490.14","7,490.14","7,490.14","7,490.14",260.21M,0.62%
2023/2/20,-0.024504682,"7,443.75","7,443.75","7,443.75","7,443.75",356.83M,-2.42%
2023/2/17,0.020312641,"7,628.41","7,628.41","7,628.41","7,628.41",418.32M,2.05%
2023/2/16,-0.006515167,"7,475.02","7,475.02","7,475.02","7,475.02",363.76M,-0.65%
2023/2/15,-0.013687353,"7,523.88","7,523.88","7,523.88","7,523.88",282.11M,-1.36%
2023/2/14,0.011938456,"7,627.57","7,627.57","7,627.57","7,627.57",387.37M,1.20%
2023/2/13,-0.038046079,"7,537.05","7,537.05","7,537.05","7,537.05",487.69M,-3.73%
2023/2/10,0.028358577,"7,829.33","7,829.33","7,829.33","7,829.33",559.92M,2.88%
2023/2/9,-0.018668554,"7,610.42","7,610.42","7,610.42","7,610.42",517.89M,-1.85%
2023/2/8,0.019700567,"7,753.83","7,753.83","7,753.83","7,753.83",358.00M,1.99%
2023/2/7,-0.02565277,"7,602.57","7,602.57","7,602.57","7,602.57",504.87M,-2.53%
2023/2/6,-0.014544767,"7,800.12","7,800.12","7,800.12","7,800.12",344.73M,-1.44%
2023/2/3,-0.012468692,"7,914.40","7,914.40","7,914.40","7,914.40",476.98M,-1.24%
2023/2/2,0.023712553,"8,013.70","8,013.70","8,013.70","8,013.70",482.12M,2.40%
2023/2/1,-0.01045385,"7,825.91","7,825.91","7,825.91","7,825.91",541.28M,-1.04%
2023/1/31,-0.057314218,"7,908.15","7,908.15","7,908.15","7,908.15",739.57M,-5.57%
2023/1/30,0.00877428,"8,374.64","8,374.64","8,374.64","8,374.64",334.16M,0.88%
2023/1/27,0.031366873,"8,301.48","8,301.48","8,301.48","8,301.48",,3.19%
2023/1/26,2.24E-05,"8,045.13","8,045.13","8,045.13","8,045.13",,0.00%
2023/1/25,5.84E-05,"8,044.95","8,044.95","8,044.95","8,044.95",,0.01%
2023/1/24,0.001527679,"8,044.48","8,044.48","8,044.48","8,044.48",,0.15%
2023/1/23,0.030907761,"8,032.20","8,032.20","8,032.20","8,032.20",,3.14%
2023/1/20,-0.007404712,"7,787.74","7,787.74","7,787.74","7,787.74",302.37M,-0.74%
2023/1/19,0.001539623,"7,845.62","7,845.62","7,845.62","7,845.62",393.12M,0.15%
2023/1/18,0.000333238,"7,833.55","7,833.55","7,833.55","7,833.55",407.00M,0.03%
2023/1/17,-0.008961202,"7,830.94","7,830.94","7,830.94","7,830.94",348.23M,-0.89%
2023/1/16,0.011861608,"7,901.43","7,901.43","7,901.43","7,901.43",367.41M,1.19%
2023/1/13,-0.015264057,"7,808.26","7,808.26","7,808.26","7,808.26",506.29M,-1.51%
2023/1/12,0.012011265,"7,928.36","7,928.36","7,928.36","7,928.36",539.55M,1.21%
2023/1/11,-0.015325495,"7,833.70","7,833.70","7,833.70","7,833.70",429.38M,-1.52%
2023/1/10,0.026954436,"7,954.68","7,954.68","7,954.68","7,954.68",650.51M,2.73%
2023/1/9,-0.001089405,"7,743.13","7,743.13","7,743.13","7,743.13",505.21M,-0.11%
2023/1/6,0.021616007,"7,751.57","7,751.57","7,751.57","7,751.57",649.05M,2.19%
2023/1/5,0.053807999,"7,585.81","7,585.81","7,585.81","7,585.81",713.46M,5.53%
2023/1/4,0.024470579,"7,188.42","7,188.42","7,188.42","7,188.42",408.40M,2.48%
2023/1/3,-0.00716776650164341 ,"7,014.65","7,014.65","7,014.65","7,014.65",,0.00%
2023/1/2,-0.007167767,"7,014.65","7,014.65","7,014.65","7,014.65",303.18M,-0.71%
2022/12/30,-0.003008868,"7,065.11","7,065.11","7,065.11","7,065.11",403.33M,-0.30%
2022/12/29,0.010540226,"7,086.40","7,086.40","7,086.40","7,086.40",462.45M,1.06%
2022/12/28,-0.000779776,"7,012.10","7,012.10","7,012.10","7,012.10",41.33M,-0.08%
2022/12/27,-0.000918699,"7,017.57","7,017.57","7,017.57","7,017.57",,-0.09%
2022/12/26,-0.016305642,"7,024.02","7,024.02","7,024.02","7,024.02",308.29M,-1.62%
2022/12/23,0.041893548,"7,139.49","7,139.49","7,139.49","7,139.49",423.96M,4.28%
2022/12/22,0.002147905,"6,846.57","6,846.57","6,846.57","6,846.57",289.08M,0.22%
2022/12/21,-0.025807707,"6,831.88","6,831.88","6,831.88","6,831.88",387.12M,-2.55%
2022/12/20,0.00350661,"7,010.49","7,010.49","7,010.49","7,010.49",507.28M,0.35%
2022/12/19,0.009280038,"6,985.95","6,985.95","6,985.95","6,985.95",504.70M,0.93%
2022/12/16,-0.030909736,"6,921.42","6,921.42","6,921.42","6,921.42",417.42M,-3.04%
2022/12/15,0.009313835,"7,138.70","7,138.70","7,138.70","7,138.70",678.48M,0.94%
2022/12/14,0.010330989,"7,072.52","7,072.52","7,072.52","7,072.52",530.45M,1.04%
2022/12/13,-0.040105892,"6,999.83","6,999.83","6,999.83","6,999.83",599.30M,-3.93%
2022/12/12,0.024336218,"7,286.27","7,286.27","7,286.27","7,286.27",2.30B,2.46%
2022/12/9,0.051633148,"7,111.09","7,111.09","7,111.09","7,111.09",1.73B,5.30%
2022/12/8,-0.04078148,"6,753.24","6,753.24","6,753.24","6,753.24",2.02B,-4.00%
2022/12/7,-0.022546334,"7,034.34","7,034.34","7,034.34","7,034.34",1.34B,-2.23%
2022/12/6,0.064129232,"7,194.74","7,194.74","7,194.74","7,194.74",2.11B,6.62%
2022/12/5,0.011992493,"6,747.83","6,747.83","6,747.83","6,747.83",1.48B,1.21%
2022/12/2,0.011382305,"6,667.39","6,667.39","6,667.39","6,667.39",1.77B,1.14%
2022/12/1,0.024921403,"6,591.93","6,591.93","6,591.93","6,591.93",2.19B,2.52%
2022/11/30,0.083012398,"6,429.68","6,429.68","6,429.68","6,429.68",1.00B,8.66%
2022/11/29,-0.024510045,"5,917.49","5,917.49","5,917.49","5,917.49",738.92M,-2.42%
2022/11/25,9.56E-05,"6,064.32","6,064.32","6,064.32","6,064.32",575.71M,0.01%
2022/11/24,0.012440723,"6,063.74","6,063.74","6,063.74","6,063.74",564.52M,1.25%
2022/11/23,-0.028004023,"5,988.77","5,988.77","5,988.77","5,988.77",738.86M,-2.76%
2022/11/22,-0.032631894,"6,158.85","6,158.85","6,158.85","6,158.85",686.68M,-3.21%
2022/11/21,0.01303575,"6,363.14","6,363.14","6,363.14","6,363.14",1.30B,1.31%
2022/11/18,-0.008324159,"6,280.73","6,280.73","6,280.73","6,280.73",999.96M,-0.83%
2022/11/17,-0.002061591,"6,333.23","6,333.23","6,333.23","6,333.23",1.44B,-0.21%
2022/11/16,0.081915893,"6,346.30","6,346.30","6,346.30","6,346.30",1.54B,8.54%
2022/11/15,-0.003890043,"5,847.16","5,847.16","5,847.16","5,847.16",1.28B,-0.39%
2022/11/14,0.10288108,"5,869.95","5,869.95","5,869.95","5,869.95",1.16B,10.84%
2022/11/11,-0.018025519,"5,296.07","5,296.07","5,296.07","5,296.07",587.74M,-1.79%
2022/11/10,-0.031955565,"5,392.40","5,392.40","5,392.40","5,392.40",671.68M,-3.15%
2022/11/9,-0.016529008,"5,567.50","5,567.50","5,567.50","5,567.50",588.43M,-1.64%
2022/11/8,0.012789265,"5,660.29","5,660.29","5,660.29","5,660.29",882.49M,1.29%
2022/11/7,0.086871486,"5,588.36","5,588.36","5,588.36","5,588.36",1.26B,9.08%
2022/11/4,-0.036020366,"5,123.38","5,123.38","5,123.38","5,123.38",856.71M,-3.54%
2022/11/3,0.02420956,"5,311.29","5,311.29","5,311.29","5,311.29",658.17M,2.45%
2022/11/2,0.086407457,"5,184.25","5,184.25","5,184.25","5,184.25",939.46M,9.02%
2022/11/1,0.010149968,"4,755.10","4,755.10","4,755.10","4,755.10",660.43M,1.02%
2022/10/31,-0.054529129,"4,707.08","4,707.08","4,707.08","4,707.08",719.50M,-5.31%
2022/10/28,0.015494977,"4,970.88","4,970.88","4,970.88","4,970.88",738.09M,1.56%
2022/10/27,0.020255038,"4,894.45","4,894.45","4,894.45","4,894.45",854.20M,2.05%
2022/10/26,0.031394793,"4,796.31","4,796.31","4,796.31","4,796.31",921.26M,3.19%
2022/10/25,-0.133651865,"4,648.07","4,648.07","4,648.07","4,648.07",1.13B,-12.51%
2022/10/24,0.000515876,"5,312.72","5,312.72","5,312.72","5,312.72",478.83M,0.05%
2022/10/21,-0.034758125,"5,309.98","5,309.98","5,309.98","5,309.98",668.37M,-3.42%
2022/10/20,-0.048001745,"5,497.79","5,497.79","5,497.79","5,497.79",440.45M,-4.69%
2022/10/19,0.032088051,"5,768.13","5,768.13","5,768.13","5,768.13",537.06M,3.26%
2022/10/18,-0.001309566,"5,585.98","5,585.98","5,585.98","5,585.98",470.08M,-0.13%
2022/10/17,0.006192592,"5,593.30","5,593.30","5,593.30","5,593.30",556.13M,0.62%
2022/10/14,-0.028681101,"5,558.77","5,558.77","5,558.77","5,558.77",475.16M,-2.83%
2022/10/13,-0.008858456,"5,720.51","5,720.51","5,720.51","5,720.51",583.20M,-0.88%
2022/10/12,-0.038784716,"5,771.41","5,771.41","5,771.41","5,771.41",396.70M,-3.80%
2022/10/11,-0.04140819,"5,999.65","5,999.65","5,999.65","5,999.65",410.44M,-4.06%
2022/10/10,-0.029107055,"6,253.30","6,253.30","6,253.30","6,253.30",264.61M,-2.87%
2022/10/7,-0.007243055,"6,437.99","6,437.99","6,437.99","6,437.99",,-0.72%
2022/10/6,0.063961439,"6,484.79","6,484.79","6,484.79","6,484.79",,6.61%
2022/10/5,0.007872432,"6,083.00","6,083.00","6,083.00","6,083.00",,0.79%
2022/10/4,-0.008230744,"6,035.30","6,035.30","6,035.30","6,035.30",,-0.82%
2022/10/3,-0.005181142,"6,085.18","6,085.18","6,085.18","6,085.18",,-0.52%
2022/9/30,-0.003270873,"6,116.79","6,116.79","6,116.79","6,116.79",436.86M,-0.33%
2022/9/29,-0.024334733,"6,136.83","6,136.83","6,136.83","6,136.83",402.46M,-2.40%
2022/9/28,0.008661769,"6,288.00","6,288.00","6,288.00","6,288.00",357.09M,0.87%
2022/9/27,0.025514564,"6,233.77","6,233.77","6,233.77","6,233.77",370.79M,2.58%
2022/9/26,-0.026257017,"6,076.73","6,076.73","6,076.73","6,076.73",343.30M,-2.59%
2022/9/23,-0.013566508,"6,238.40","6,238.40","6,238.40","6,238.40",344.80M,-1.35%
2022/9/22,-0.032211638,"6,323.61","6,323.61","6,323.61","6,323.61",330.12M,-3.17%
2022/9/21,0.022331156,"6,530.62","6,530.62","6,530.62","6,530.62",263.64M,2.26%
2022/9/20,-0.018421904,"6,386.40","6,386.40","6,386.40","6,386.40",358.61M,-1.83%
2022/9/19,-0.021181761,"6,505.14","6,505.14","6,505.14","6,505.14",511.80M,-2.10%
2022/9/16,0.004059762,"6,644.40","6,644.40","6,644.40","6,644.40",238.46M,0.41%
2022/9/15,-0.024035305,"6,617.48","6,617.48","6,617.48","6,617.48",306.84M,-2.37%
2022/9/14,-0.009905838,"6,778.46","6,778.46","6,778.46","6,778.46",307.09M,-0.99%
2022/9/13,0.003119114,"6,845.94","6,845.94","6,845.94","6,845.94",27.31M,0.31%
2022/9/12,0.027707871,"6,824.62","6,824.62","6,824.62","6,824.62",,2.81%
2022/9/9,-0.013397109,"6,638.12","6,638.12","6,638.12","6,638.12",299.44M,-1.33%
2022/9/8,-0.005756589,"6,727.65","6,727.65","6,727.65","6,727.65",297.81M,-0.57%
2022/9/7,-0.00955007,"6,766.49","6,766.49","6,766.49","6,766.49",271.13M,-0.95%
2022/9/6,-0.020362398,"6,831.42","6,831.42","6,831.42","6,831.42",294.60M,-2.02%
2022/9/5,-0.004088047,"6,971.95","6,971.95","6,971.95","6,971.95",455.24M,-0.41%
2022/9/2,-0.020989483,"7,000.51","7,000.51","7,000.51","7,000.51",339.74M,-2.08%
2022/9/1,0.009815818,"7,149.00","7,149.00","7,149.00","7,149.00",605.56M,0.99%
2022/8/31,-0.00159778,"7,079.17","7,079.17","7,079.17","7,079.17",365.84M,-0.16%
2022/8/30,0.003130207,"7,090.49","7,090.49","7,090.49","7,090.49",387.03M,0.31%
2022/8/29,0.008374991,"7,068.33","7,068.33","7,068.33","7,068.33",458.88M,0.84%
2022/8/26,0.073076042,"7,009.38","7,009.38","7,009.38","7,009.38",408.99M,7.58%
2022/8/25,-0.014430111,"6,515.43","6,515.43","6,515.43","6,515.43",408.24M,-1.43%
2022/8/24,0.009770532,"6,610.13","6,610.13","6,610.13","6,610.13",304.09M,0.98%
2022/8/23,-0.001593631,"6,545.86","6,545.86","6,545.86","6,545.86",377.58M,-0.16%
2022/8/22,0.006305395,"6,556.30","6,556.30","6,556.30","6,556.30",293.60M,0.63%
2022/8/19,-0.004823279,"6,515.09","6,515.09","6,515.09","6,515.09",273.27M,-0.48%
2022/8/18,0.005184045,"6,546.59","6,546.59","6,546.59","6,546.59",273.16M,0.52%
2022/8/17,-0.014897523,"6,512.74","6,512.74","6,512.74","6,512.74",463.29M,-1.48%
2022/8/16,-0.003883236,"6,610.49","6,610.49","6,610.49","6,610.49",205.73M,-0.39%
2022/8/15,0.00813552,"6,636.21","6,636.21","6,636.21","6,636.21",289.52M,0.82%
2022/8/12,0.030555814,"6,582.44","6,582.44","6,582.44","6,582.44",320.51M,3.10%
2022/8/11,-0.017683227,"6,384.35","6,384.35","6,384.35","6,384.35",317.82M,-1.75%
2022/8/10,-0.008847751,"6,498.25","6,498.25","6,498.25","6,498.25",252.09M,-0.88%
2022/8/9,-0.02497829,"6,556.00","6,556.00","6,556.00","6,556.00",284.89M,-2.47%
2022/8/8,-0.01499893,"6,721.82","6,721.82","6,721.82","6,721.82",264.73M,-1.49%
2022/8/5,0.033826256,"6,823.40","6,823.40","6,823.40","6,823.40",358.13M,3.44%
2022/8/4,0.028792487,"6,596.45","6,596.45","6,596.45","6,596.45",342.10M,2.92%
2022/8/3,-0.021324303,"6,409.23","6,409.23","6,409.23","6,409.23",520.86M,-2.11%
2022/8/2,-0.017017002,"6,547.37","6,547.37","6,547.37","6,547.37",446.30M,-1.69%
2022/8/1,-0.052927758,"6,659.74","6,659.74","6,659.74","6,659.74",620.10M,-5.16%
2022/7/29,-0.013139403,"7,021.72","7,021.72","7,021.72","7,021.72",336.63M,-1.31%
2022/7/28,-0.015241831,"7,114.59","7,114.59","7,114.59","7,114.59",270.40M,-1.51%
2022/7/27,0.017652463,"7,223.86","7,223.86","7,223.86","7,223.86",291.25M,1.78%
2022/7/26,-0.012499296,"7,097.46","7,097.46","7,097.46","7,097.46",274.57M,-1.24%
2022/7/25,-0.004408134,"7,186.73","7,186.73","7,186.73","7,186.73",273.05M,-0.44%
2022/7/22,-0.003090055,"7,218.48","7,218.48","7,218.48","7,218.48",337.42M,-0.31%
2022/7/21,0.018163301,"7,240.82","7,240.82","7,240.82","7,240.82",317.28M,1.83%
2022/7/20,-0.009129159,"7,110.49","7,110.49","7,110.49","7,110.49",261.71M,-0.91%
2022/7/19,0.027357748,"7,175.70","7,175.70","7,175.70","7,175.70",406.04M,2.77%
2022/7/18,-0.034143763,"6,982.05","6,982.05","6,982.05","6,982.05",393.11M,-3.36%
2022/7/15,0.004640792,"7,224.56","7,224.56","7,224.56","7,224.56",345.17M,0.47%
2022/7/14,0.002584301,"7,191.11","7,191.11","7,191.11","7,191.11",318.02M,0.26%
2022/7/13,-0.021199819,"7,172.55","7,172.55","7,172.55","7,172.55",420.47M,-2.10%
2022/7/12,-0.051262036,"7,326.23","7,326.23","7,326.23","7,326.23",464.03M,-5.00%
2022/7/11,0.007708998,"7,711.58","7,711.58","7,711.58","7,711.58",367.43M,0.77%
2022/7/8,-0.00021037,"7,652.36","7,652.36","7,652.36","7,652.36",339.69M,-0.02%
2022/7/7,-0.006586596,"7,653.97","7,653.97","7,653.97","7,653.97",514.24M,-0.66%
2022/7/6,0.003263133,"7,704.55","7,704.55","7,704.55","7,704.55",526.06M,0.33%
2022/7/5,0.009523751,"7,679.45","7,679.45","7,679.45","7,679.45",405.67M,0.96%
2022/7/4,-0.000686005,"7,606.66","7,606.66","7,606.66","7,606.66",41.86M,-0.07%
2022/7/1,-0.01952083,"7,611.88","7,611.88","7,611.88","7,611.88",558.52M,-1.93%
2022/6/30,-0.020127362,"7,761.93","7,761.93","7,761.93","7,761.93",642.81M,-1.99%
2022/6/29,-0.005453715,"7,919.74","7,919.74","7,919.74","7,919.74",896.62M,-0.54%
2022/6/28,0.052926838,"7,963.05","7,963.05","7,963.05","7,963.05",1.21B,5.44%
2022/6/24,0.028252177,"7,552.55","7,552.55","7,552.55","7,552.55",581.71M,2.87%
2022/6/23,-0.034541485,"7,342.16","7,342.16","7,342.16","7,342.16",758.22M,-3.40%
2022/6/22,0.019450593,"7,600.20","7,600.20","7,600.20","7,600.20",656.61M,1.96%
2022/6/21,0.000611956,"7,453.80","7,453.80","7,453.80","7,453.80",395.83M,0.06%
2022/6/20,0.018428345,"7,449.24","7,449.24","7,449.24","7,449.24",784.29M,1.86%
2022/6/17,-0.040863015,"7,313.22","7,313.22","7,313.22","7,313.22",587.58M,-4.00%
2022/6/16,0.023682556,"7,618.25","7,618.25","7,618.25","7,618.25",595.56M,2.40%
2022/6/15,0.007900806,"7,439.95","7,439.95","7,439.95","7,439.95",563.40M,0.79%
2022/6/14,-0.06008034,"7,381.40","7,381.40","7,381.40","7,381.40",720.87M,-5.83%
2022/6/13,0.003770589,"7,838.47","7,838.47","7,838.47","7,838.47",1.02B,0.38%
2022/6/10,-0.038470702,"7,808.97","7,808.97","7,808.97","7,808.97",756.47M,-3.77%
2022/6/9,0.073034974,"8,115.24","8,115.24","8,115.24","8,115.24",938.75M,7.58%
2022/6/8,0.021192891,"7,543.67","7,543.67","7,543.67","7,543.67",582.14M,2.14%
2022/6/7,0.043137884,"7,385.48","7,385.48","7,385.48","7,385.48",561.59M,4.41%
2022/6/6,-0.016001553,"7,073.66","7,073.66","7,073.66","7,073.66",72.79M,-1.59%
2022/6/3,0.024800823,"7,187.76","7,187.76","7,187.76","7,187.76",387.38M,2.51%
2022/6/2,-0.015050841,"7,011.69","7,011.69","7,011.69","7,011.69",478.95M,-1.49%
2022/6/1,0.030643076,"7,118.02","7,118.02","7,118.02","7,118.02",1.33B,3.11%
2022/5/31,0.014353867,"6,903.21","6,903.21","6,903.21","6,903.21",482.91M,1.45%
2022/5/30,0.028790335,"6,804.83","6,804.83","6,804.83","6,804.83",497.81M,2.92%
2022/5/27,0.052861839,"6,611.71","6,611.71","6,611.71","6,611.71",480.18M,5.43%
2022/5/26,0.002086279,"6,271.28","6,271.28","6,271.28","6,271.28",418.93M,0.21%
2022/5/25,-0.049663226,"6,258.21","6,258.21","6,258.21","6,258.21",384.81M,-4.85%
2022/5/24,-0.022753194,"6,576.86","6,576.86","6,576.86","6,576.86",398.89M,-2.25%
2022/5/23,0.015448174,"6,728.22","6,728.22","6,728.22","6,728.22",457.05M,1.56%
2022/5/20,-0.018164369,"6,625.08","6,625.08","6,625.08","6,625.08",471.49M,-1.80%
2022/5/19,-0.027869977,"6,746.52","6,746.52","6,746.52","6,746.52",427.29M,-2.75%
2022/5/18,0.041016076,"6,937.19","6,937.19","6,937.19","6,937.19",598.69M,4.19%
2022/5/16,0.066359933,"6,658.41","6,658.41","6,658.41","6,658.41",561.46M,6.86%
2022/5/13,-0.013332542,"6,230.90","6,230.90","6,230.90","6,230.90",479.48M,-1.32%
2022/5/12,0.010118275,"6,314.53","6,314.53","6,314.53","6,314.53",517.02M,1.02%
2022/5/11,-0.006718743,"6,250.96","6,250.96","6,250.96","6,250.96",521.85M,-0.67%
2022/5/10,-0.023571516,"6,293.10","6,293.10","6,293.10","6,293.10",101.76M,-2.33%
2022/5/9,-0.040710739,"6,443.20","6,443.20","6,443.20","6,443.20",416.59M,-3.99%
2022/5/6,-0.042028374,"6,710.92","6,710.92","6,710.92","6,710.92",381.36M,-4.12%
2022/5/5,-0.011630945,"6,998.98","6,998.98","6,998.98","6,998.98",295.97M,-1.16%
2022/5/4,-0.002272563,"7,080.86","7,080.86","7,080.86","7,080.86",,-0.23%
2022/5/3,0.014589558,"7,096.97","7,096.97","7,096.97","7,096.97",,1.47%
2022/5/2,0.097652437,"6,994.18","6,994.18","6,994.18","6,994.18",684.01M,10.26%
2022/4/29,0.017648401,"6,343.47","6,343.47","6,343.47","6,343.47",339.03M,1.78%
2022/4/28,0.027962131,"6,232.50","6,232.50","6,232.50","6,232.50",475.65M,2.84%
2022/4/27,0.015832589,"6,060.64","6,060.64","6,060.64","6,060.64",392.87M,1.60%
2022/4/26,-0.012512251,"5,965.44","5,965.44","5,965.44","5,965.44",428.20M,-1.24%
2022/4/25,0.006607273,"6,040.55","6,040.55","6,040.55","6,040.55",431.37M,0.66%
2022/4/22,-0.042745962,"6,000.77","6,000.77","6,000.77","6,000.77",457.02M,-4.18%
2022/4/21,-0.02105311,"6,262.84","6,262.84","6,262.84","6,262.84",312.64M,-2.08%
2022/4/20,-0.022704325,"6,396.09","6,396.09","6,396.09","6,396.09",329.29M,-2.24%
2022/4/19,-0.00791453,"6,542.97","6,542.97","6,542.97","6,542.97",90.98M,-0.79%
2022/4/18,0.005385242,"6,594.96","6,594.96","6,594.96","6,594.96",,0.54%
2022/4/15,-0.019940002,"6,559.54","6,559.54","6,559.54","6,559.54",284.39M,-1.97%
2022/4/14,0.015918852,"6,691.65","6,691.65","6,691.65","6,691.65",308.15M,1.60%
2022/4/13,0.010004371,"6,585.97","6,585.97","6,585.97","6,585.97",530.53M,1.01%
2022/4/12,-0.031200941,"6,520.41","6,520.41","6,520.41","6,520.41",472.48M,-3.07%
2022/4/11,-0.01048584,"6,727.06","6,727.06","6,727.06","6,727.06",351.12M,-1.04%
2022/4/8,-0.029775991,"6,797.97","6,797.97","6,797.97","6,797.97",420.89M,-2.93%
2022/4/7,-0.02364648,"7,003.43","7,003.43","7,003.43","7,003.43",448.47M,-2.34%
2022/4/6,-0.024742235,"7,171.01","7,171.01","7,171.01","7,171.01",82.76M,-2.44%
2022/4/5,0.076073622,"7,350.65","7,350.65","7,350.65","7,350.65",,7.90%
2022/4/1,-0.043900426,"6,812.20","6,812.20","6,812.20","6,812.20",379.32M,-4.30%
2022/3/31,-0.00377487,"7,117.92","7,117.92","7,117.92","7,117.92",642.65M,-0.38%
2022/3/30,0.026587451,"7,144.84","7,144.84","7,144.84","7,144.84",847.07M,2.69%
2022/3/29,0.02742301,"6,957.38","6,957.38","6,957.38","6,957.38",571.89M,2.78%
2022/3/28,-0.033055794,"6,769.18","6,769.18","6,769.18","6,769.18",623.64M,-3.25%
2022/3/25,-0.038386563,"6,996.68","6,996.68","6,996.68","6,996.68",676.46M,-3.77%
2022/3/24,0.012843317,"7,270.48","7,270.48","7,270.48","7,270.48",1.00B,1.29%
2022/3/23,0.06743668,"7,177.70","7,177.70","7,177.70","7,177.70",655.87M,6.98%
2022/3/22,-0.035020909,"6,709.62","6,709.62","6,709.62","6,709.62",615.93M,-3.44%
2022/3/21,0.021699439,"6,948.76","6,948.76","6,948.76","6,948.76",975.94M,2.19%
2022/3/18,0.007146483,"6,799.60","6,799.60","6,799.60","6,799.60",1.21B,0.72%
2022/3/17,0.271925198,"6,751.18","6,751.18","6,751.18","6,751.18",1.66B,31.25%
2022/3/16,-0.038681831,"5,143.80","5,143.80","5,143.80","5,143.80",1.40B,-3.79%
2022/3/15,-0.116704525,"5,346.67","5,346.67","5,346.67","5,346.67",1.03B,-11.02%
2022/3/14,-0.063530381,"6,008.52","6,008.52","6,008.52","6,008.52",815.01M,-6.16%
2022/3/11,-0.051898409,"6,402.63","6,402.63","6,402.63","6,402.63",561.32M,-5.06%
2022/3/10,0.027194483,"6,743.69","6,743.69","6,743.69","6,743.69",595.87M,2.76%
2022/3/9,-0.016457433,"6,562.77","6,562.77","6,562.77","6,562.77",599.03M,-1.63%
2022/3/8,-0.046424356,"6,671.67","6,671.67","6,671.67","6,671.67",639.87M,-4.54%
2022/3/7,-0.037648535,"6,988.70","6,988.70","6,988.70","6,988.70",702.12M,-3.69%
2022/3/4,-0.032023488,"7,256.83","7,256.83","7,256.83","7,256.83",391.75M,-3.15%
2022/3/3,-0.008850374,"7,492.98","7,492.98","7,492.98","7,492.98",346.08M,-0.88%
2022/3/2,0.01175865,"7,559.59","7,559.59","7,559.59","7,559.59",357.28M,1.18%
2022/3/1,-0.012348455,"7,471.22","7,471.22","7,471.22","7,471.22",459.13M,-1.23%
2022/2/28,0.000576577,"7,564.05","7,564.05","7,564.05","7,564.05",410.77M,0.06%
2022/2/25,-0.020787269,"7,559.69","7,559.69","7,559.69","7,559.69",513.46M,-2.06%
2022/2/24,-0.008501708,"7,718.48","7,718.48","7,718.48","7,718.48",370.05M,-0.85%
2022/2/23,-0.027089853,"7,784.38","7,784.38","7,784.38","7,784.38",466.37M,-2.67%
2022/2/22,-0.024093086,"7,998.14","7,998.14","7,998.14","7,998.14",329.88M,-2.38%
2022/2/21,-0.049432885,"8,193.18","8,193.18","8,193.18","8,193.18",420.91M,-4.82%
2022/2/18,-0.002468962,"8,608.37","8,608.37","8,608.37","8,608.37",214.02M,-0.25%
2022/2/17,0.004893962,"8,629.65","8,629.65","8,629.65","8,629.65",244.48M,0.49%
2022/2/16,0.011325584,"8,587.52","8,587.52","8,587.52","8,587.52",244.28M,1.14%
2022/2/15,-0.012426577,"8,490.81","8,490.81","8,490.81","8,490.81",265.09M,-1.23%
2022/2/14,-0.020294061,"8,596.98","8,596.98","8,596.98","8,596.98",269.12M,-2.01%
2022/2/11,-0.003825924,"8,773.23","8,773.23","8,773.23","8,773.23",438.47M,-0.38%
2022/2/10,0.03595904,"8,806.86","8,806.86","8,806.86","8,806.86",349.10M,3.66%
2022/2/9,0.014417567,"8,495.80","8,495.80","8,495.80","8,495.80",317.38M,1.45%
2022/2/8,-0.022152588,"8,374.19","8,374.19","8,374.19","8,374.19",287.75M,-2.19%
2022/2/7,0.014605481,"8,561.77","8,561.77","8,561.77","8,561.77",276.33M,1.47%
2022/2/4,-0.005513576,"8,437.63","8,437.63","8,437.63","8,437.63",,-0.55%
2022/2/3,-0.01484632,"8,484.28","8,484.28","8,484.28","8,484.28",,-1.47%
2022/2/2,0.004069268,"8,611.18","8,611.18","8,611.18","8,611.18",,0.41%
2022/2/1,0.058799796,"8,576.21","8,576.21","8,576.21","8,576.21",,6.06%
2022/1/31,0.013542145,"8,086.47","8,086.47","8,086.47","8,086.47",,1.36%
2022/1/28,-0.033081723,"7,977.70","7,977.70","7,977.70","7,977.70",469.10M,-3.25%
2022/1/27,-0.01637973,"8,246.03","8,246.03","8,246.03","8,246.03",356.64M,-1.62%
2022/1/26,-0.011545779,"8,382.21","8,382.21","8,382.21","8,382.21",423.44M,-1.15%
2022/1/25,-0.021873404,"8,479.55","8,479.55","8,479.55","8,479.55",345.85M,-2.16%
2022/1/24,-0.02158925,"8,667.07","8,667.07","8,667.07","8,667.07",387.54M,-2.14%
2022/1/21,0.05049952,"8,856.22","8,856.22","8,856.22","8,856.22",485.18M,5.18%
2022/1/20,0.002666231,"8,420.09","8,420.09","8,420.09","8,420.09",283.49M,0.27%
2022/1/19,-0.018408482,"8,397.67","8,397.67","8,397.67","8,397.67",342.08M,-1.82%
2022/1/18,-0.009604534,"8,553.69","8,553.69","8,553.69","8,553.69",201.09M,-0.96%
2022/1/17,0.002734089,"8,636.24","8,636.24","8,636.24","8,636.24",282.76M,0.27%
2022/1/14,-0.03049289,"8,612.66","8,612.66","8,612.66","8,612.66",330.29M,-3.00%
2022/1/13,0.038207772,"8,879.33","8,879.33","8,879.33","8,879.33",497.04M,3.89%
2022/1/12,0.026055917,"8,546.47","8,546.47","8,546.47","8,546.47",371.07M,2.64%
2022/1/11,0.009295277,"8,326.66","8,326.66","8,326.66","8,326.66",481.78M,0.93%
2022/1/10,0.020120777,"8,249.62","8,249.62","8,249.62","8,249.62",404.98M,2.03%
2022/1/7,0.030228613,"8,085.29","8,085.29","8,085.29","8,085.29",407.64M,3.07%
2022/1/6,-0.036322343,"7,844.54","7,844.54","7,844.54","7,844.54",463.82M,-3.57%
2022/1/5,-0.019376596,"8,134.71","8,134.71","8,134.71","8,134.71",285.40M,-1.92%
2022/1/4,-0.004417594,"8,293.87","8,293.87","8,293.87","8,293.87",209.70M,-0.44%
2022/1/3,0.007053129,"8,330.59","8,330.59","8,330.59","8,330.59",223.51M,0.71%
2021/12/31,0.042727612,"8,272.04","8,272.04","8,272.04","8,272.04",250.13M,4.37%
2021/12/30,-0.024779879,"7,926.04","7,926.04","7,926.04","7,926.04",292.57M,-2.45%
2021/12/29,-0.014979129,"8,124.90","8,124.90","8,124.90","8,124.90",287.94M,-1.49%
2021/12/28,-0.005390705,"8,247.52","8,247.52","8,247.52","8,247.52",58.25M,-0.54%
2021/12/27,-0.000826951,"8,292.10","8,292.10","8,292.10","8,292.10",221.63M,-0.08%
2021/12/24,0.004930825,"8,298.96","8,298.96","8,298.96","8,298.96",337.28M,0.49%
2021/12/23,-0.008784116,"8,258.14","8,258.14","8,258.14","8,258.14",382.91M,-0.87%
2021/12/22,0.044988075,"8,331.00","8,331.00","8,331.00","8,331.00",391.26M,4.60%
2021/12/21,-0.034936526,"7,964.51","7,964.51","7,964.51","7,964.51",355.52M,-3.43%
2021/12/20,-0.017815116,"8,247.68","8,247.68","8,247.68","8,247.68",472.70M,-1.77%
2021/12/17,-0.013269236,"8,395.93","8,395.93","8,395.93","8,395.93",299.17M,-1.32%
2021/12/16,-0.021475345,"8,508.08","8,508.08","8,508.08","8,508.08",492.69M,-2.12%
2021/12/15,-0.00333514,"8,692.77","8,692.77","8,692.77","8,692.77",388.94M,-0.33%
2021/12/14,-0.008433907,"8,721.81","8,721.81","8,721.81","8,721.81",343.76M,-0.84%
2021/12/13,-0.00203983,"8,795.68","8,795.68","8,795.68","8,795.68",422.49M,-0.20%
2021/12/10,-0.000474152,"8,813.64","8,813.64","8,813.64","8,813.64",388.52M,-0.05%
2021/12/9,0.000324396,"8,817.82","8,817.82","8,817.82","8,817.82",323.78M,0.03%
2021/12/8,0.038175129,"8,814.96","8,814.96","8,814.96","8,814.96",530.51M,3.89%
2021/12/7,0.006497357,"8,484.79","8,484.79","8,484.79","8,484.79",529.26M,0.65%
2021/12/6,-0.049166082,"8,429.84","8,429.84","8,429.84","8,429.84",575.31M,-4.80%
2021/12/3,-0.000169388,"8,854.66","8,854.66","8,854.66","8,854.66",429.14M,-0.02%
2021/12/2,-0.003010315,"8,856.16","8,856.16","8,856.16","8,856.16",458.77M,-0.30%
2021/12/1,-0.022432878,"8,882.86","8,882.86","8,882.86","8,882.86",644.19M,-2.22%
2021/11/30,-0.018166551,"9,084.38","9,084.38","9,084.38","9,084.38",466.16M,-1.80%
2021/11/29,-0.033021612,"9,250.92","9,250.92","9,250.92","9,250.92",476.49M,-3.25%
2021/11/26,0.005630001,"9,561.50","9,561.50","9,561.50","9,561.50",318.30M,0.56%
2021/11/25,0.004039566,"9,507.82","9,507.82","9,507.82","9,507.82",780.72M,0.40%
2021/11/24,-0.019479577,"9,469.49","9,469.49","9,469.49","9,469.49",404.23M,-1.93%
2021/11/23,-0.016203341,"9,655.76","9,655.76","9,655.76","9,655.76",397.84M,-1.61%
2021/11/22,-0.007427393,"9,813.49","9,813.49","9,813.49","9,813.49",332.49M,-0.74%
2021/11/19,-0.046672275,"9,886.65","9,886.65","9,886.65","9,886.65",380.47M,-4.56%
2021/11/18,-0.017789435,"10,359.02","10,359.02","10,359.02","10,359.02",302.33M,-1.76%
2021/11/17,0.017960315,"10,544.95","10,544.95","10,544.95","10,544.95",382.23M,1.81%
2021/11/16,-0.002821091,"10,357.25","10,357.25","10,357.25","10,357.25",291.42M,-0.28%
2021/11/15,0.009804797,"10,386.51","10,386.51","10,386.51","10,386.51",355.12M,0.99%
2021/11/12,0.024630049,"10,285.17","10,285.17","10,285.17","10,285.17",364.59M,2.49%
2021/11/11,0.027729375,"10,034.94","10,034.94","10,034.94","10,034.94",340.20M,2.81%
2021/11/10,-0.003506983,"9,760.50","9,760.50","9,760.50","9,760.50",270.87M,-0.35%
2021/11/9,0.002311038,"9,794.79","9,794.79","9,794.79","9,794.79",318.92M,0.23%
2021/11/8,-0.027122199,"9,772.18","9,772.18","9,772.18","9,772.18",284.08M,-2.68%
2021/11/5,0.001274609,"10,040.85","10,040.85","10,040.85","10,040.85",283.39M,0.13%
2021/11/4,0.012216245,"10,028.06","10,028.06","10,028.06","10,028.06",477.73M,1.23%
2021/11/3,-0.022714334,"9,906.30","9,906.30","9,906.30","9,906.30",345.39M,-2.25%
2021/11/2,0.016548429,"10,133.89","10,133.89","10,133.89","10,133.89",335.60M,1.67%
2021/11/1,-0.023826087,"9,967.57","9,967.57","9,967.57","9,967.57",357.05M,-2.35%
2021/10/29,0.003734466,"10,207.91","10,207.91","10,207.91","10,207.91",255.02M,0.37%
2021/10/28,-0.022342746,"10,169.86","10,169.86","10,169.86","10,169.86",345.46M,-2.21%
2021/10/27,-0.027036006,"10,399.64","10,399.64","10,399.64","10,399.64",326.34M,-2.67%
2021/10/26,-0.00767499,"10,684.64","10,684.64","10,684.64","10,684.64",280.73M,-0.76%
2021/10/25,0.004724637,"10,766.96","10,766.96","10,766.96","10,766.96",280.78M,0.47%
2021/10/22,-0.009007287,"10,716.21","10,716.21","10,716.21","10,716.21",392.67M,-0.90%
2021/10/21,0.012501559,"10,813.17","10,813.17","10,813.17","10,813.17",552.44M,1.26%
2021/10/20,0.030841103,"10,678.83","10,678.83","10,678.83","10,678.83",432.11M,3.13%
2021/10/19,0.001968229,"10,354.51","10,354.51","10,354.51","10,354.51",288.30M,0.20%
2021/10/18,0.016746518,"10,334.15","10,334.15","10,334.15","10,334.15",385.34M,1.69%
2021/10/15,-0.008182887,"10,162.53","10,162.53","10,162.53","10,162.53",71.22M,-0.81%
2021/10/14,0.016409474,"10,246.03","10,246.03","10,246.03","10,246.03",60.65M,1.65%
2021/10/13,-0.019233894,"10,079.27","10,079.27","10,079.27","10,079.27",327.51M,-1.91%
2021/10/12,0.022951382,"10,275.01","10,275.01","10,275.01","10,275.01",554.65M,2.32%
2021/10/11,0.018524678,"10,041.87","10,041.87","10,041.87","10,041.87",396.84M,1.87%
2021/10/8,0.066354004,"9,857.56","9,857.56","9,857.56","9,857.56",336.58M,6.86%
2021/10/7,-0.002652392,"9,224.70","9,224.70","9,224.70","9,224.70",,-0.26%
2021/10/6,0.005662979,"9,249.20","9,249.20","9,249.20","9,249.20",,0.57%
2021/10/5,-0.025886964,"9,196.97","9,196.97","9,196.97","9,196.97",,-2.56%
2021/10/4,-0.011277364,"9,438.16","9,438.16","9,438.16","9,438.16",,-1.12%
2021/10/1,0.003144738,"9,545.20","9,545.20","9,545.20","9,545.20",,0.31%
2021/9/30,-0.015834695,"9,515.23","9,515.23","9,515.23","9,515.23",279.09M,-1.57%
2021/9/29,0.00138607,"9,667.10","9,667.10","9,667.10","9,667.10",408.56M,0.14%
2021/9/28,0.017841576,"9,653.71","9,653.71","9,653.71","9,653.71",435.35M,1.80%
2021/9/27,-0.02299829,"9,483.00","9,483.00","9,483.00","9,483.00",416.60M,-2.27%
2021/9/24,0.015277461,"9,703.62","9,703.62","9,703.62","9,703.62",454.61M,1.54%
2021/9/23,0.012225318,"9,556.50","9,556.50","9,556.50","9,556.50",76.97M,1.23%
2021/9/22,-0.00476492,"9,440.38","9,440.38","9,440.38","9,440.38",295.79M,-0.48%
2021/9/21,-0.037037994,"9,485.47","9,485.47","9,485.47","9,485.47",,-3.64%
2021/9/20,0.024720474,"9,843.38","9,843.38","9,843.38","9,843.38",,2.50%
2021/9/17,-0.009438779,"9,603.03","9,603.03","9,603.03","9,603.03",356.72M,-0.94%
2021/9/16,-0.026675006,"9,694.10","9,694.10","9,694.10","9,694.10",392.09M,-2.63%
2021/9/15,-0.02093505,"9,956.17","9,956.17","9,956.17","9,956.17",369.96M,-2.07%
2021/9/14,-0.023920794,"10,166.80","10,166.80","10,166.80","10,166.80",490.23M,-2.36%
2021/9/13,0.011840769,"10,412.93","10,412.93","10,412.93","10,412.93",328.45M,1.19%
2021/9/10,-0.04357077,"10,290.36","10,290.36","10,290.36","10,290.36",510.57M,-4.26%
2021/9/9,-0.006371173,"10,748.63","10,748.63","10,748.63","10,748.63",516.10M,-0.64%
2021/9/8,0.028884141,"10,817.33","10,817.33","10,817.33","10,817.33",564.05M,2.93%
2021/9/7,0.010013477,"10,509.35","10,509.35","10,509.35","10,509.35",381.96M,1.01%
2021/9/6,-0.011940378,"10,404.64","10,404.64","10,404.64","10,404.64",449.90M,-1.19%
2021/9/3,-0.00068545,"10,529.62","10,529.62","10,529.62","10,529.62",661.44M,-0.07%
2021/9/2,0.029053721,"10,536.84","10,536.84","10,536.84","10,536.84",717.08M,2.95%
2021/9/1,0.040535603,"10,235.11","10,235.11","10,235.11","10,235.11",775.91M,4.14%
2021/8/31,0.004392797,"9,828.52","9,828.52","9,828.52","9,828.52",539.51M,0.44%
2021/8/30,-0.013371023,"9,785.44","9,785.44","9,785.44","9,785.44",477.58M,-1.33%
2021/8/27,-0.012228848,"9,917.16","9,917.16","9,917.16","9,917.16",658.64M,-1.22%
2021/8/26,-0.001777449,"10,039.18","10,039.18","10,039.18","10,039.18",651.80M,-0.18%
2021/8/25,0.087705116,"10,057.04","10,057.04","10,057.04","10,057.04",688.43M,9.17%
2021/8/24,0.023725488,"9,212.56","9,212.56","9,212.56","9,212.56",591.56M,2.40%
2021/8/23,-0.002661917,"8,996.56","8,996.56","8,996.56","8,996.56",777.45M,-0.27%
2021/8/20,-0.052806028,"9,020.54","9,020.54","9,020.54","9,020.54",492.22M,-5.14%
2021/8/19,0.006517733,"9,509.68","9,509.68","9,509.68","9,509.68",364.94M,0.65%
2021/8/18,-0.037994007,"9,447.90","9,447.90","9,447.90","9,447.90",479.68M,-3.73%
2021/8/17,-0.038028506,"9,813.77","9,813.77","9,813.77","9,813.77",418.84M,-3.73%
2021/8/16,-0.022620032,"10,194.16","10,194.16","10,194.16","10,194.16",432.06M,-2.24%
2021/8/13,-0.015090722,"10,427.38","10,427.38","10,427.38","10,427.38",406.44M,-1.50%
2021/8/12,-0.006358961,"10,585.93","10,585.93","10,585.93","10,585.93",467.70M,-0.63%
2021/8/11,0.026459632,"10,653.46","10,653.46","10,653.46","10,653.46",569.73M,2.68%
2021/8/10,0.019759699,"10,375.27","10,375.27","10,375.27","10,375.27",405.72M,2.00%
2021/8/9,0.001109512,"10,172.27","10,172.27","10,172.27","10,172.27",382.83M,0.11%
2021/8/6,-0.020874994,"10,160.99","10,160.99","10,160.99","10,160.99",415.58M,-2.07%
2021/8/5,0.016391404,"10,375.33","10,375.33","10,375.33","10,375.33",534.84M,1.65%
2021/8/4,-0.033554528,"10,206.65","10,206.65","10,206.65","10,206.65",477.26M,-3.30%
2021/8/3,0.011257891,"10,554.94","10,554.94","10,554.94","10,554.94",424.11M,1.13%
2021/8/2,-0.03001978,"10,436.78","10,436.78","10,436.78","10,436.78",543.65M,-2.96%
2021/7/30,0.043580991,"10,754.84","10,754.84","10,754.84","10,754.84",938.78M,4.45%
2021/7/29,0.053639269,"10,296.20","10,296.20","10,296.20","10,296.20",1.14B,5.51%
2021/7/28,-0.076162024,"9,758.47","9,758.47","9,758.47","9,758.47",1.54B,-7.33%
2021/7/27,-0.088101558,"10,530.73","10,530.73","10,530.73","10,530.73",1.07B,-8.43%
2021/7/26,-0.046999836,"11,500.60","11,500.60","11,500.60","11,500.60",636.52M,-4.59%
2021/7/23,0.007563773,"12,054.03","12,054.03","12,054.03","12,054.03",484.58M,0.76%
2021/7/22,-0.002418666,"11,963.20","11,963.20","11,963.20","11,963.20",536.76M,-0.24%
2021/7/21,-0.00145156,"11,992.17","11,992.17","11,992.17","11,992.17",532.18M,-0.15%
2021/7/20,-0.02473325,"12,009.59","12,009.59","12,009.59","12,009.59",441.62M,-2.44%
2021/7/19,-0.008347454,"12,310.33","12,310.33","12,310.33","12,310.33",570.80M,-0.83%
2021/7/16,0.006814146,"12,413.52","12,413.52","12,413.52","12,413.52",402.56M,0.68%
2021/7/15,-0.000878015,"12,329.22","12,329.22","12,329.22","12,329.22",435.75M,-0.09%
2021/7/14,0.029515489,"12,340.05","12,340.05","12,340.05","12,340.05",398.94M,3.00%
2021/7/13,-0.001313702,"11,981.15","11,981.15","11,981.15","11,981.15",384.76M,-0.13%
2021/7/12,0.029438245,"11,996.90","11,996.90","11,996.90","11,996.90",605.61M,2.99%
2021/7/9,-0.040808809,"11,648.88","11,648.88","11,648.88","11,648.88",629.38M,-4.00%
2021/7/8,-0.016223262,"12,134.09","12,134.09","12,134.09","12,134.09",394.69M,-1.61%
2021/7/7,-0.018733546,"12,332.55","12,332.55","12,332.55","12,332.55",565.36M,-1.86%
2021/7/6,-0.020064338,"12,565.76","12,565.76","12,565.76","12,565.76",345.60M,-1.99%
2021/7/5,-0.024697121,"12,820.43","12,820.43","12,820.43","12,820.43",445.44M,-2.44%
2021/7/2,-0.00982073,"13,141.00","13,141.00","13,141.00","13,141.00",63.47M,-0.98%
2021/7/1,-0.012897705,"13,270.69","13,270.69","13,270.69","13,270.69",345.32M,-1.28%
2021/6/30,0.001014428,"13,442.96","13,442.96","13,442.96","13,442.96",316.46M,0.10%
2021/6/29,-0.005117445,"13,429.33","13,429.33","13,429.33","13,429.33",229.12M,-0.51%
2021/6/28,0.029692169,"13,498.23","13,498.23","13,498.23","13,498.23",433.84M,3.01%
2021/6/25,0.01757662,"13,103.33","13,103.33","13,103.33","13,103.33",316.34M,1.77%
2021/6/24,0.020999488,"12,875.03","12,875.03","12,875.03","12,875.03",565.86M,2.12%
2021/6/23,-0.014374109,"12,607.48","12,607.48","12,607.48","12,607.48",394.64M,-1.43%
2021/6/22,-0.008062789,"12,790.01","12,790.01","12,790.01","12,790.01",367.17M,-0.80%
2021/6/21,0.00849838,"12,893.55","12,893.55","12,893.55","12,893.55",927.88M,0.85%
2021/6/18,0.009481277,"12,784.44","12,784.44","12,784.44","12,784.44",367.83M,0.95%
2021/6/17,-0.01174709,"12,663.80","12,663.80","12,663.80","12,663.80",360.85M,-1.17%
2021/6/16,-0.006303917,"12,813.44","12,813.44","12,813.44","12,813.44",353.36M,-0.63%
2021/6/15,0.004662459,"12,894.47","12,894.47","12,894.47","12,894.47",79.30M,0.47%
2021/6/14,-0.003711211,"12,834.49","12,834.49","12,834.49","12,834.49",,-0.37%
2021/6/11,0.001909103,"12,882.21","12,882.21","12,882.21","12,882.21",349.14M,0.19%
2021/6/10,-0.003228657,"12,857.64","12,857.64","12,857.64","12,857.64",364.50M,-0.32%
2021/6/9,-0.002950086,"12,899.22","12,899.22","12,937.33","12,937.33",313.82M,-0.29%
2021/6/8,-0.018389346,"12,937.33","12,937.33","12,937.33","12,937.33",479.81M,-1.82%
2021/6/7,0.001711964,"13,177.44","13,177.44","13,177.44","13,177.44",709.61M,0.17%
2021/6/4,-0.019628369,"13,154.90","13,154.90","13,154.90","13,154.90",486.03M,-1.94%
2021/6/3,-0.002682811,"13,415.66","13,415.66","13,415.66","13,415.66",389.99M,-0.27%
2021/6/2,0.028973434,"13,451.70","13,451.70","13,451.70","13,451.70",458.82M,2.94%
2021/6/1,0.015365912,"13,067.55","13,067.55","13,067.55","13,067.55",357.83M,1.55%
2021/5/31,-0.003566756,"12,868.29","12,868.29","12,868.29","12,868.29",504.15M,-0.36%
2021/5/28,-0.009578219,"12,914.27","12,914.27","12,914.27","12,914.27",945.90M,-0.95%
2021/5/27,0.001186417,"13,038.56","13,038.56","13,038.56","13,038.56",500.70M,0.12%
2021/5/26,0.016305788,"13,023.10","13,023.10","13,023.10","13,023.10",536.67M,1.64%
2021/5/25,-0.00747639,"12,812.47","12,812.47","12,812.47","12,812.47",325.94M,-0.74%
2021/5/24,-0.021249738,"12,908.62","12,908.62","12,908.62","12,908.62",383.39M,-2.10%
2021/5/21,0.021689851,"13,185.86","13,185.86","13,185.86","13,185.86",500.50M,2.19%
2021/5/20,-0.000626792,"12,902.94","12,902.94","12,902.94","12,902.94",88.30M,-0.06%
2021/5/19,0.014865547,"12,911.03","12,911.03","12,911.03","12,911.03",351.20M,1.50%
2021/5/18,0.013738032,"12,720.52","12,720.52","12,720.52","12,720.52",355.60M,1.38%
2021/5/17,0.012215091,"12,546.96","12,546.96","12,546.96","12,546.96",413.30M,1.23%
2021/5/14,-0.038573108,"12,394.63","12,394.63","12,394.63","12,394.63",449.11M,-3.78%
2021/5/13,0.006903101,"12,882.07","12,882.07","12,882.07","12,882.07",594.20M,0.69%
2021/5/12,-0.008807812,"12,793.45","12,793.45","12,793.45","12,793.45",638.80M,-0.88%
2021/5/11,-0.034419239,"12,906.63","12,906.63","12,906.63","12,906.63",508.72M,-3.38%
2021/5/10,-0.015009632,"13,358.60","13,358.60","13,358.60","13,358.60",437.80M,-1.49%
2021/5/7,0.005302138,"13,560.62","13,560.62","13,560.62","13,560.62",422.39M,0.53%
2021/5/6,-0.013108253,"13,488.91","13,488.91","13,488.91","13,488.91",306.84M,-1.30%
2021/5/5,-0.008074498,"13,666.89","13,666.89","13,666.89","13,666.89",,-0.80%
2021/5/4,-0.005513999,"13,777.69","13,777.69","13,777.69","13,777.69",,-0.55%
2021/5/3,-0.01932927,"13,853.87","13,853.87","13,853.87","13,853.87",411.86M,-1.91%
2021/4/30,-0.01067261,"14,124.26","14,124.26","14,124.26","14,124.26",245.76M,-1.06%
2021/4/29,0.00028654,"14,275.81","14,275.81","14,275.81","14,275.81",522.61M,0.03%
2021/4/28,0.005020387,"14,271.72","14,271.72","14,271.72","14,271.72",372.38M,0.50%
2021/4/27,0.000879949,"14,200.25","14,200.25","14,200.25","14,200.25",592.28M,0.09%
2021/4/26,0.02279343,"14,187.76","14,187.76","14,187.76","14,187.76",405.75M,2.31%
2021/4/23,0.011318476,"13,868.03","13,868.03","13,868.03","13,868.03",742.77M,1.14%
2021/4/22,-0.006132725,"13,711.95","13,711.95","13,711.95","13,711.95",460.81M,-0.61%
2021/4/21,-0.013267353,"13,796.30","13,796.30","13,796.30","13,796.30",588.65M,-1.32%
2021/4/20,-0.006391292,"13,980.56","13,980.56","13,980.56","13,980.56",413.48M,-0.64%
2021/4/19,0.009992044,"14,070.20","14,070.20","14,070.20","14,070.20",388.74M,1.00%
2021/4/16,-0.007198562,"13,930.31","13,930.31","13,930.31","13,930.31",315.23M,-0.72%
2021/4/15,0.005079535,"14,030.95","14,030.95","14,030.95","14,030.95",386.76M,0.51%
2021/4/14,-0.012385146,"13,959.86","13,959.86","13,959.86","13,959.86",375.40M,-1.23%
2021/4/13,0.006909422,"14,133.83","14,133.83","14,133.83","14,133.83",461.79M,0.69%
2021/4/12,-0.013331455,"14,036.51","14,036.51","14,036.51","14,036.51",420.85M,-1.32%
2021/4/9,0.002536097,"14,224.89","14,224.89","14,224.89","14,224.89",707.49M,0.25%
2021/4/8,-0.034101759,"14,188.86","14,188.86","14,188.86","14,188.86",494.91M,-3.35%
2021/4/7,0.01071308,"14,681.07","14,681.07","14,681.07","14,681.07",104.80M,1.08%
2021/4/6,-0.002121726,"14,524.63","14,524.63","14,524.63","14,524.63",86.52M,-0.21%
2021/4/5,0.000890783,"14,555.48","14,555.48","14,555.48","14,555.48",,0.09%
2021/4/2,0.037472449,"14,542.52","14,542.52","14,542.52","14,542.52",584.87M,3.82%
2021/4/1,0.000154213,"14,007.66","14,007.66","14,007.66","14,007.66",709.61M,0.02%
2021/3/31,0.013329673,"14,005.50","14,005.50","14,005.50","14,005.50",578.31M,1.34%
2021/3/30,-0.01134062,"13,820.05","13,820.05","13,820.05","13,820.05",795.46M,-1.13%
2021/3/29,0.022251553,"13,977.67","13,977.67","13,977.67","13,977.67",1.06B,2.25%
2021/3/26,-0.02519977,"13,670.08","13,670.08","13,670.08","13,670.08",682.98M,-2.49%
2021/3/25,-0.041589176,"14,018.94","14,018.94","14,018.94","14,018.94",710.11M,-4.07%
2021/3/24,-0.018113662,"14,614.27","14,614.27","14,614.27","14,614.27",674.76M,-1.80%
2021/3/23,-0.002824371,"14,881.40","14,881.40","14,881.40","14,881.40",425.95M,-0.28%
2021/3/22,0.000974778,"14,923.49","14,923.49","14,923.49","14,923.49",648.07M,0.10%
2021/3/19,0.002439765,"14,908.95","14,908.95","14,908.95","14,908.95",711.32M,0.24%
2021/3/18,0.001332866,"14,872.62","14,872.62","14,872.62","14,872.62",472.15M,0.13%
2021/3/17,0.010657275,"14,852.81","14,852.81","14,852.81","14,852.81",773.46M,1.07%
2021/3/16,-0.01496233,"14,695.36","14,695.36","14,695.36","14,695.36",883.23M,-1.49%
2021/3/15,-0.032321333,"14,916.89","14,916.89","14,916.89","14,916.89",1.05B,-3.18%
2021/3/12,0.041662339,"15,406.90","15,406.90","15,406.90","15,406.90",1.14B,4.25%
2021/3/11,-0.00385905,"14,778.20","14,778.20","14,778.20","14,778.20",655.82M,-0.39%
2021/3/10,0.042389471,"14,835.34","14,835.34","14,835.34","14,835.34",1.01B,4.33%
2021/3/9,-0.066050823,"14,219.62","14,219.62","14,219.62","14,219.62",1.01B,-6.39%
2021/3/8,-0.004333429,"15,190.55","15,190.55","15,190.55","15,190.55",777.00M,-0.43%
2021/3/5,-0.045693112,"15,256.52","15,256.52","15,256.52","15,256.52",654.06M,-4.47%
2021/3/4,0.003966576,"15,969.81","15,969.81","15,969.81","15,969.81",427.36M,0.40%
2021/3/3,-0.013902765,"15,906.59","15,906.59","15,906.59","15,906.59",531.83M,-1.38%
2021/3/2,0.042533521,"16,129.28","16,129.28","16,129.28","16,129.28",577.86M,4.35%
2021/3/1,-0.030146588,"15,457.63","15,457.63","15,457.63","15,457.63",1.00B,-2.97%
2021/2/26,-0.014871247,"15,930.72","15,930.72","15,930.72","15,930.72",641.40M,-1.48%
2021/2/25,-0.03235342,"16,169.40","16,169.40","16,169.40","16,169.40",963.17M,-3.18%
2021/2/24,-0.011427716,"16,701.09","16,701.09","16,701.09","16,701.09",731.77M,-1.14%
2021/2/23,-0.042510826,"16,893.04","16,893.04","16,893.04","16,893.04",1.02B,-4.16%
2021/2/22,0.007760941,"17,626.66","17,626.66","17,626.66","17,626.66",952.50M,0.78%
2021/2/19,-0.022586397,"17,490.39","17,490.39","17,490.39","17,490.39",845.92M,-2.23%
2021/2/18,0.006541779,"17,889.93","17,889.93","17,889.93","17,889.93",697.09M,0.66%
2021/2/17,0.006100169,"17,773.28","17,773.28","17,773.28","17,773.28",,0.61%
2021/2/16,-0.00094434991303771 ,"17,665.19","17,665.19","17,665.19","17,665.19",,0.00%
2021/2/15,-0.00094435,"17,665.19","17,665.19","17,665.19","17,665.19",57.19M,-0.09%
2021/2/12,0.007837495,"17,681.88","17,681.88","17,681.88","17,681.88",,0.79%
2021/2/11,0.022446442,"17,543.84","17,543.84","17,543.84","17,543.84",,2.27%
2021/2/10,0.013361238,"17,154.43","17,154.43","17,154.43","17,154.43",314.14M,1.35%
2021/2/9,-0.001893431,"16,926.75","16,926.75","16,926.75","16,926.75",431.60M,-0.19%
2021/2/8,0.002302335,"16,958.83","16,958.83","16,958.83","16,958.83",572.20M,0.23%
2021/2/5,0.001105823,"16,919.83","16,919.83","16,919.83","16,919.83",795.12M,0.11%
2021/2/4,0.021208906,"16,901.13","16,901.13","16,901.13","16,901.13",639.40M,2.14%
2021/2/3,0.010109888,"16,546.45","16,546.45","16,546.45","16,546.45",599.33M,1.02%
2021/2/2,0.042924681,"16,380.01","16,380.01","16,380.01","16,380.01",467.23M,4.39%
2021/2/1,-0.013933391,"15,691.78","15,691.78","15,691.78","15,691.78",615.70M,-1.38%
2021/1/29,-0.011615323,"15,911.95","15,911.95","15,911.95","15,911.95",770.38M,-1.15%
2021/1/28,-0.029131379,"16,097.85","16,097.85","16,097.85","16,097.85",657.86M,-2.87%
2021/1/27,-0.028138362,"16,573.70","16,573.70","16,573.70","16,573.70",692.48M,-2.77%
2021/1/26,0.052344584,"17,046.68","17,046.68","17,046.68","17,046.68",968.24M,5.37%
2021/1/25,0.002910769,"16,177.33","16,177.33","16,177.33","16,177.33",705.40M,0.29%
2021/1/22,-0.004327181,"16,130.31","16,130.31","16,130.31","16,130.31",744.24M,-0.43%
2021/1/21,0.045881605,"16,200.26","16,200.26","16,200.26","16,200.26",1.00B,4.70%
2021/1/20,0.026796738,"15,473.76","15,473.76","15,473.76","15,473.76",1.05B,2.72%
2021/1/19,0.015740623,"15,064.62","15,064.62","15,064.62","15,064.62",791.15M,1.59%
2021/1/18,-0.004143306,"14,829.35","14,829.35","14,829.35","14,829.35",1.45B,-0.41%
2021/1/15,0.033635236,"14,890.92","14,890.92","14,890.92","14,890.92",441.95M,3.42%
2021/1/14,0.005873425,"14,398.39","14,398.39","14,398.39","14,398.39",454.23M,0.59%
2021/1/13,-0.000198387,"14,314.07","14,314.07","14,314.07","14,314.07",454.36M,-0.02%
2021/1/12,-0.01233688,"14,316.91","14,316.91","14,316.91","14,316.91",508.72M,-1.23%
2021/1/11,0.031322402,"14,494.63","14,494.63","14,494.63","14,494.63",575.32M,3.18%
2021/1/8,-0.014309494,"14,047.66","14,047.66","14,047.66","14,047.66",680.44M,-1.42%
2021/1/7,-0.016662372,"14,250.12","14,250.12","14,250.12","14,250.12",690.06M,-1.65%
2021/1/6,0.026526216,"14,489.55","14,489.55","14,489.55","14,489.55",492.92M,2.69%
2021/1/5,-0.002880983,"14,110.25","14,110.25","14,110.25","14,110.25",616.52M,-0.29%
2021/1/4,-0.00598447686732584 ,"14,150.96","14,150.96","14,150.96","14,150.96",,0.00%
2021/1/1,-0.005984477,"14,150.96","14,150.96","14,150.96","14,150.96",,-0.60%
2020/12/31,0.037836946,"14,235.90","14,235.90","14,235.90","14,235.90",548.23M,3.86%
2020/12/30,0.045540692,"13,707.32","13,707.32","13,707.32","13,707.32",572.89M,4.66%
2020/12/29,-0.039252781,"13,097.08","13,097.08","13,097.08","13,097.08",763.75M,-3.85%
2020/12/28,-0.000455796,"13,621.40","13,621.40","13,621.40","13,621.40",,-0.05%
2020/12/25,-0.052127209,"13,627.61","13,627.61","13,627.61","13,627.61",448.41M,-5.08%
2020/12/24,0.012420779,"14,356.82","14,356.82","14,356.82","14,356.82",646.01M,1.25%
2020/12/23,-0.009748794,"14,179.60","14,179.60","14,179.60","14,179.60",453.33M,-0.97%
2020/12/22,-0.002390546,"14,318.51","14,318.51","14,318.51","14,318.51",543.55M,-0.24%
2020/12/21,-0.00776893,"14,352.78","14,352.78","14,352.78","14,352.78",476.98M,-0.77%
2020/12/18,0.014667295,"14,464.72","14,464.72","14,464.72","14,464.72",449.65M,1.48%
2020/12/17,0.017633734,"14,254.11","14,254.11","14,254.11","14,254.11",504.70M,1.78%
2020/12/16,-0.004715049,"14,004.96","14,004.96","14,004.96","14,004.96",621.50M,-0.47%
2020/12/15,-0.023000905,"14,071.15","14,071.15","14,071.15","14,071.15",677.44M,-2.27%
2020/12/14,0.003312759,"14,398.55","14,398.55","14,398.55","14,398.55",454.90M,0.33%
2020/12/11,0.004646716,"14,350.93","14,350.93","14,350.93","14,350.93",388.33M,0.47%
2020/12/10,-0.004110718,"14,284.40","14,284.40","14,284.40","14,284.40",558.13M,-0.41%
2020/12/9,0.010189615,"14,343.24","14,343.24","14,343.24","14,343.24",481.46M,1.02%
2020/12/8,-0.010131746,"14,197.83","14,197.83","14,197.83","14,197.83",331.18M,-1.01%
2020/12/7,0.003707078,"14,342.41","14,342.41","14,342.41","14,342.41",422.84M,0.37%
2020/12/4,0.016930556,"14,289.34","14,289.34","14,289.34","14,289.34",465.82M,1.71%
2020/12/3,-0.016029478,"14,049.45","14,049.45","14,049.45","14,049.45",1.78B,-1.59%
2020/12/2,0.008638067,"14,276.47","14,276.47","14,276.47","14,276.47",346.08M,0.87%
2020/12/1,-0.037708193,"14,153.68","14,153.68","14,153.68","14,153.68",663.21M,-3.70%
2020/11/30,0.004806882,"14,697.58","14,697.58","14,697.58","14,697.58",330.44M,0.48%
2020/11/27,0.013123178,"14,627.10","14,627.10","14,627.10","14,627.10",285.92M,1.32%
2020/11/26,-0.019613952,"14,436.40","14,436.40","14,436.40","14,436.40",520.11M,-1.94%
2020/11/25,0.012508668,"14,722.35","14,722.35","14,722.35","14,722.35",455.47M,1.26%
2020/11/24,0.000194663,"14,539.34","14,539.34","14,539.34","14,539.34",579.67M,0.02%
2020/11/23,0.032791978,"14,536.51","14,536.51","14,536.51","14,536.51",405.60M,3.33%
2020/11/20,-0.001921017,"14,067.56","14,067.56","14,067.56","14,067.56",421.11M,-0.19%
2020/11/19,-0.007214975,"14,094.61","14,094.61","14,094.61","14,094.61",338.13M,-0.72%
2020/11/18,-0.028874003,"14,196.67","14,196.67","14,196.67","14,196.67",409.64M,-2.85%
2020/11/17,-0.008604075,"14,612.56","14,612.56","14,612.56","14,612.56",380.53M,-0.86%
2020/11/16,0.032101154,"14,738.83","14,738.83","14,738.83","14,738.83",411.71M,3.26%
2020/11/13,0.034067273,"14,273.21","14,273.21","14,273.21","14,273.21",451.01M,3.47%
2020/11/12,-0.030345705,"13,795.15","13,795.15","13,795.15","13,795.15",657.89M,-2.99%
2020/11/11,-0.063575342,"14,220.19","14,220.19","14,220.19","14,220.19",581.79M,-6.16%
2020/11/10,-0.012533313,"15,153.60","15,153.60","15,153.60","15,153.60",519.72M,-1.25%
2020/11/9,-0.000191578,"15,344.72","15,344.72","15,344.72","15,344.72",451.49M,-0.02%
2020/11/6,0.021708211,"15,347.66","15,347.66","15,347.66","15,347.66",513.44M,2.19%
2020/11/5,0.031757977,"15,018.08","15,018.08","15,018.08","15,018.08",601.19M,3.23%
2020/11/4,-0.024204592,"14,548.63","14,548.63","14,548.63","14,548.63",314.62M,-2.39%
2020/11/3,0.012029065,"14,905.07","14,905.07","14,905.07","14,905.07",278.84M,1.21%
2020/11/2,-0.022812661,"14,726.85","14,726.85","14,726.85","14,726.85",494.24M,-2.26%
2020/10/30,0.019503787,"15,066.67","15,066.67","15,066.67","15,066.67",321.68M,1.97%
2020/10/29,0.005145303,"14,775.66","14,775.66","14,775.66","14,775.66",322.82M,0.52%
2020/10/28,0.029756389,"14,699.83","14,699.83","14,699.83","14,699.83",338.05M,3.02%
2020/10/27,-0.003150854,"14,268.86","14,268.86","14,268.86","14,268.86",51.63M,-0.31%
2020/10/26,-0.000332489,"14,313.89","14,313.89","14,313.89","14,313.89",235.35M,-0.03%
2020/10/23,-0.009988603,"14,318.65","14,318.65","14,318.65","14,318.65",245.00M,-0.99%
2020/10/22,-0.000823176,"14,462.39","14,462.39","14,462.39","14,462.39",242.42M,-0.08%
2020/10/21,0.010427041,"14,474.30","14,474.30","14,474.30","14,474.30",231.86M,1.05%
2020/10/20,-0.011624309,"14,324.16","14,324.16","14,324.16","14,324.16",288.37M,-1.16%
2020/10/19,0.013518709,"14,491.64","14,491.64","14,491.64","14,491.64",278.45M,1.36%
2020/10/16,-0.02232834,"14,297.05","14,297.05","14,297.05","14,297.05",337.64M,-2.21%
2020/10/15,0.004608455,"14,619.87","14,619.87","14,619.87","14,619.87",474.22M,0.46%
2020/10/14,0.00264356,"14,552.65","14,552.65","14,552.65","14,552.65",54.71M,0.26%
2020/10/13,0.015597548,"14,514.23","14,514.23","14,514.23","14,514.23",491.39M,1.57%
2020/10/12,0.005138586,"14,289.60","14,289.60","14,289.60","14,289.60",287.49M,0.52%
2020/10/9,0.00274074,"14,216.36","14,216.36","14,216.36","14,216.36",302.91M,0.27%
2020/10/8,0.015762498,"14,177.45","14,177.45","14,177.45","14,177.45",,1.59%
2020/10/7,0.015923199,"13,955.73","13,955.73","13,955.73","13,955.73",,1.61%
2020/10/6,0.012207203,"13,735.27","13,735.27","13,735.27","13,735.27",,1.23%
2020/10/5,-0.00891244,"13,568.62","13,568.62","13,568.62","13,568.62",,-0.89%
2020/10/2,-0.00114251,"13,690.09","13,690.09","13,690.09","13,690.09",,-0.11%
2020/10/1,0.026350025,"13,705.74","13,705.74","13,705.74","13,705.74",,2.67%
2020/9/30,-0.003961636,"13,349.31","13,349.31","13,349.31","13,349.31",217.06M,-0.40%
2020/9/29,0.016586968,"13,402.30","13,402.30","13,402.30","13,402.30",266.86M,1.67%
2020/9/28,0.000218506,"13,181.83","13,181.83","13,181.83","13,181.83",298.29M,0.02%
2020/9/25,-0.017106124,"13,178.95","13,178.95","13,178.95","13,178.95",338.84M,-1.70%
2020/9/24,0.00161472,"13,406.33","13,406.33","13,406.33","13,406.33",233.53M,0.16%
2020/9/23,0.002879814,"13,384.70","13,384.70","13,384.70","13,384.70",257.84M,0.29%
2020/9/22,-0.008370254,"13,346.21","13,346.21","13,346.21","13,346.21",342.45M,-0.83%
2020/9/21,-0.004858745,"13,458.39","13,458.39","13,458.39","13,458.39",368.27M,-0.48%
2020/9/18,-0.01702891,"13,523.94","13,523.94","13,523.94","13,523.94",380.09M,-1.69%
2020/9/17,-0.001161709,"13,756.21","13,756.21","13,756.21","13,756.21",327.38M,-0.12%
2020/9/16,0.003562779,"13,772.20","13,772.20","13,772.20","13,772.20",189.70M,0.36%
2020/9/15,0.017594391,"13,723.22","13,723.22","13,723.22","13,723.22",214.88M,1.77%
2020/9/14,0.01770114,"13,483.88","13,483.88","13,483.88","13,483.88",205.73M,1.79%
2020/9/11,-0.011631084,"13,247.30","13,247.30","13,247.30","13,247.30",258.05M,-1.16%
2020/9/10,0.002314971,"13,402.28","13,402.28","13,402.28","13,402.28",263.57M,0.23%
2020/9/9,-0.029746936,"13,371.29","13,371.29","13,371.29","13,371.29",322.26M,-2.93%
2020/9/8,-0.010714071,"13,775.02","13,775.02","13,775.02","13,775.02",252.73M,-1.07%
2020/9/7,-0.009804971,"13,923.40","13,923.40","13,923.40","13,923.40",415.76M,-0.98%
2020/9/4,-0.035826218,"14,060.59","14,060.59","14,060.59","14,060.59",475.76M,-3.52%
2020/9/3,0.002454727,"14,573.46","14,573.46","14,573.46","14,573.46",567.19M,0.25%
2020/9/2,0.027836571,"14,537.73","14,537.73","14,537.73","14,537.73",327.64M,2.82%
2020/9/1,-0.021751121,"14,138.63","14,138.63","14,138.63","14,138.63",477.83M,-2.15%
2020/8/31,-0.004255431,"14,449.53","14,449.53","14,449.53","14,449.53",417.64M,-0.42%
2020/8/28,-0.002397347,"14,511.15","14,511.15","14,511.15","14,511.15",523.13M,-0.24%
2020/8/27,0.011569504,"14,545.98","14,545.98","14,545.98","14,545.98",314.10M,1.16%
2020/8/26,0.011244836,"14,378.66","14,378.66","14,378.66","14,378.66",372.27M,1.13%
2020/8/25,0.041221718,"14,217.88","14,217.88","14,217.88","14,217.88",403.36M,4.21%
2020/8/24,0.011960976,"13,643.71","13,643.71","13,643.71","13,643.71",256.87M,1.20%
2020/8/21,0.002563088,"13,481.49","13,481.49","13,481.49","13,481.49",212.84M,0.26%
2020/8/20,-0.007276957,"13,446.98","13,446.98","13,446.98","13,446.98",253.60M,-0.73%
2020/8/19,0.020528669,"13,545.19","13,545.19","13,545.19","13,545.19",337.13M,2.07%
2020/8/18,0.011836198,"13,269.96","13,269.96","13,269.96","13,269.96",262.12M,1.19%
2020/8/17,-0.006553982,"13,113.82","13,113.82","13,113.82","13,113.82",263.44M,-0.65%
2020/8/14,-0.013097888,"13,200.05","13,200.05","13,200.05","13,200.05",269.72M,-1.30%
2020/8/13,0.013016831,"13,374.08","13,374.08","13,374.08","13,374.08",336.66M,1.31%
2020/8/12,0.004423029,"13,201.12","13,201.12","13,201.12","13,201.12",290.51M,0.44%
2020/8/11,-0.020077308,"13,142.86","13,142.86","13,142.86","13,142.86",301.60M,-1.99%
2020/8/10,-0.042883495,"13,409.40","13,409.40","13,409.40","13,409.40",425.98M,-4.20%
2020/8/7,-0.007515474,"13,996.95","13,996.95","13,996.95","13,996.95",302.98M,-0.75%
2020/8/6,0.014151025,"14,102.54","14,102.54","14,102.54","14,102.54",422.68M,1.43%
2020/8/5,0.019050629,"13,904.38","13,904.38","13,904.38","13,904.38",322.90M,1.92%
2020/8/4,0.024069053,"13,642.00","13,642.00","13,642.00","13,642.00",307.46M,2.44%
2020/8/3,0.002701586,"13,317.57","13,317.57","13,317.57","13,317.57",259.90M,0.27%
2020/7/31,-0.003893285,"13,281.64","13,281.64","13,281.64","13,281.64",246.32M,-0.39%
2020/7/30,0.008089814,"13,333.45","13,333.45","13,333.45","13,333.45",261.14M,0.81%
2020/7/29,0.012764452,"13,226.02","13,226.02","13,226.02","13,226.02",254.58M,1.28%
2020/7/28,0.001842676,"13,058.27","13,058.27","13,058.27","13,058.27",324.68M,0.18%
2020/7/27,-0.02760185,"13,034.23","13,034.23","13,034.23","13,034.23",416.25M,-2.72%
2020/7/24,0.010750912,"13,399.01","13,399.01","13,399.01","13,399.01",330.45M,1.08%
2020/7/23,-0.035689945,"13,255.73","13,255.73","13,255.73","13,255.73",414.84M,-3.51%
2020/7/22,0.037867978,"13,737.37","13,737.37","13,737.37","13,737.37",504.28M,3.86%
2020/7/21,0.013472174,"13,226.89","13,226.89","13,226.89","13,226.89",362.11M,1.36%
2020/7/20,0.01649404,"13,049.89","13,049.89","13,049.89","13,049.89",425.80M,1.66%
2020/7/17,-0.043292125,"12,836.41","12,836.41","12,836.41","12,836.41",768.62M,-4.24%
2020/7/16,0.013217803,"13,404.33","13,404.33","13,404.33","13,404.33",414.41M,1.33%
2020/7/15,-0.021682118,"13,228.32","13,228.32","13,228.32","13,228.32",603.21M,-2.14%
2020/7/14,-0.038321184,"13,518.27","13,518.27","13,518.27","13,518.27",446.94M,-3.76%
2020/7/10,0.025844481,"14,046.36","14,046.36","14,046.36","14,046.36",808.63M,2.62%
2020/7/9,0.055959069,"13,687.99","13,687.99","13,687.99","13,687.99",490.63M,5.76%
2020/7/8,-0.016928373,"12,943.06","12,943.06","12,943.06","12,943.06",461.63M,-1.68%
2020/7/7,0.034817397,"13,164.03","13,164.03","13,164.03","13,164.03",642.50M,3.54%
2020/7/3,0.03541566,"12,713.58","12,713.58","12,713.58","12,713.58",473.09M,3.61%
2020/7/2,-0.000776314,"12,271.20","12,271.20","12,271.20","12,271.20",50.37M,-0.08%
2020/7/1,0.008547319,"12,280.73","12,280.73","12,280.73","12,280.73",294.81M,0.86%
2020/6/30,-0.013801906,"12,176.21","12,176.21","12,176.21","12,176.21",372.01M,-1.37%
2020/6/26,-0.002213753,"12,345.43","12,345.43","12,345.43","12,345.43",,-0.22%
2020/6/25,-0.010391324,"12,372.79","12,372.79","12,372.79","12,372.79",,-1.03%
2020/6/24,0.030483872,"12,502.03","12,502.03","12,502.03","12,502.03",419.47M,3.10%
2020/6/23,0.007605537,"12,126.67","12,126.67","12,126.67","12,126.67",570.73M,0.76%
2020/6/19,0.005568543,"12,034.79","12,034.79","12,034.79","12,034.79",375.20M,0.56%
2020/6/18,0.011942729,"11,967.96","11,967.96","11,967.96","11,967.96",392.03M,1.20%
2020/6/17,0.027893751,"11,825.88","11,825.88","11,825.88","11,825.88",428.07M,2.83%
2020/6/16,0.009777598,"11,500.57","11,500.57","11,500.57","11,500.57",529.71M,0.98%
2020/6/12,-0.023889031,"11,388.67","11,388.67","11,388.67","11,388.67",424.91M,-2.36%
2020/6/11,0.023928545,"11,664.01","11,664.01","11,664.01","11,664.01",379.82M,2.42%
2020/6/10,-0.000978603,"11,388.22","11,388.22","11,388.22","11,388.22",314.40M,-0.10%
2020/6/9,0.001459039,"11,399.37","11,399.37","11,399.37","11,399.37",377.66M,0.15%
2020/6/5,0.001001138,"11,382.75","11,382.75","11,382.75","11,382.75",307.38M,0.10%
2020/6/4,0.019368772,"11,371.36","11,371.36","11,371.36","11,371.36",345.28M,1.96%
2020/6/3,0.013642978,"11,153.23","11,153.23","11,153.23","11,153.23",271.57M,1.37%
2020/6/2,0.053117097,"11,002.10","11,002.10","11,002.10","11,002.10",511.97M,5.46%
2020/5/29,-0.013501908,"10,432.95","10,432.95","10,432.95","10,432.95",346.36M,-1.34%
2020/5/28,-0.015171656,"10,574.77","10,574.77","10,574.77","10,574.77",288.79M,-1.51%
2020/5/27,0.030914174,"10,736.43","10,736.43","10,736.43","10,736.43",434.72M,3.14%
2020/5/26,-0.036236026,"10,409.60","10,409.60","10,409.60","10,409.60",268.00M,-3.56%
2020/5/22,-0.015970959,"10,793.72","10,793.72","10,793.72","10,793.72",365.00M,-1.58%
2020/5/21,0.004987118,"10,967.49","10,967.49","10,967.49","10,967.49",379.04M,0.50%
2020/5/20,0.009013341,"10,912.93","10,912.93","10,912.93","10,912.93",451.91M,0.91%
2020/5/19,0.037586138,"10,815.01","10,815.01","10,815.01","10,815.01",334.23M,3.83%
2020/5/15,0.008362393,"10,416.06","10,416.06","10,416.06","10,416.06",324.84M,0.84%
2020/5/14,0.001853727,"10,329.32","10,329.32","10,329.32","10,329.32",316.84M,0.19%
2020/5/13,-0.004825302,"10,310.19","10,310.19","10,310.19","10,310.19",219.16M,-0.48%
2020/5/12,0.044429825,"10,360.06","10,360.06","10,360.06","10,360.06",307.65M,4.54%
2020/5/8,0.008988961,"9,909.84","9,909.84","9,909.84","9,909.84",271.82M,0.90%
2020/5/7,0.010165369,"9,821.16","9,821.16","9,821.16","9,821.16",286.78M,1.02%
2020/5/6,0.01955252,"9,721.83","9,721.83","9,721.83","9,721.83",185.73M,1.97%
2020/5/5,-0.020838488,"9,533.59","9,533.59","9,533.59","9,533.59",,-2.06%
2020/5/4,-0.028034637,"9,734.34","9,734.34","9,734.34","9,734.34",,-2.76%
2020/5/1,-0.011202512,"10,011.10","10,011.10","10,011.10","10,011.10",,-1.11%
2020/4/30,0.016895385,"10,123.88","10,123.88","10,123.88","10,123.88",209.91M,1.70%
2020/4/29,-0.006335952,"9,954.27","9,954.27","9,954.27","9,954.27",182.01M,-0.63%
2020/4/28,0.003064324,"10,017.54","10,017.54","10,017.54","10,017.54",185.32M,0.31%
2020/4/24,-0.011014636,"9,986.89","9,986.89","9,986.89","9,986.89",247.91M,-1.10%
2020/4/23,0.019770283,"10,097.50","10,097.50","10,097.50","10,097.50",202.09M,2.00%
2020/4/22,-0.020299977,"9,899.83","9,899.83","9,899.83","9,899.83",212.89M,-2.01%
2020/4/21,0.001579019,"10,102.85","10,102.85","10,102.85","10,102.85",172.03M,0.16%
2020/4/17,0.029574783,"10,086.91","10,086.91","10,086.91","10,086.91",299.63M,3.00%
2020/4/16,0.007131494,"9,792.96","9,792.96","9,792.96","9,792.96",234.20M,0.72%
2020/4/15,0.021657511,"9,723.37","9,723.37","9,723.37","9,723.37",236.96M,2.19%
2020/4/10,0.011239962,"9,515.05","9,515.05","9,515.05","9,515.05",204.58M,1.13%
2020/4/9,-0.020558421,"9,408.70","9,408.70","9,408.70","9,408.70",220.32M,-2.03%
2020/4/8,0.011545834,"9,604.13","9,604.13","9,604.13","9,604.13",313.37M,1.16%
2020/4/7,0.033683359,"9,493.88","9,493.88","9,493.88","9,493.88",210.13M,3.43%
2020/4/6,-0.009529132,"9,179.42","9,179.42","9,179.42","9,179.42",,-0.95%
2020/4/3,0.012066277,"9,267.31","9,267.31","9,267.31","9,267.31",174.47M,1.21%
2020/4/2,-0.020518358,"9,156.16","9,156.16","9,156.16","9,156.16",233.05M,-2.03%
2020/4/1,0.023742147,"9,345.97","9,345.97","9,345.97","9,345.97",263.16M,2.40%
2020/3/31,-0.029325734,"9,126.69","9,126.69","9,126.69","9,126.69",198.73M,-2.89%
2020/3/27,0.017412351,"9,398.30","9,398.30","9,398.30","9,398.30",248.02M,1.76%
2020/3/26,0.021400882,"9,236.07","9,236.07","9,236.07","9,236.07",324.20M,2.16%
2020/3/25,0.055715302,"9,040.51","9,040.51","9,040.51","9,040.51",298.45M,5.73%
2020/3/24,0.013572634,"8,550.59","8,550.59","8,550.59","8,550.59",278.53M,1.37%
2020/3/20,0.017865136,"8,435.32","8,435.32","8,435.32","8,435.32",633.92M,1.80%
2020/3/19,-0.04119055,"8,285.96","8,285.96","8,285.96","8,285.96",416.07M,-4.04%
2020/3/18,0.032586548,"8,634.39","8,634.39","8,634.39","8,634.39",345.03M,3.31%
2020/3/17,-0.054726854,"8,357.56","8,357.56","8,357.56","8,357.56",350.92M,-5.33%
2020/3/13,-0.059779797,"8,827.69","8,827.69","8,827.69","8,827.69",349.98M,-5.80%
2020/3/12,-0.021593065,"9,371.50","9,371.50","9,371.50","9,371.50",259.71M,-2.14%
2020/3/11,0.031500597,"9,576.06","9,576.06","9,576.06","9,576.06",335.22M,3.20%
2020/3/10,-0.076499045,"9,279.11","9,279.11","9,279.11","9,279.11",393.56M,-7.36%
2020/3/6,0.011938027,"10,016.81","10,016.81","10,016.81","10,016.81",286.27M,1.20%
2020/3/5,0.015752943,"9,897.94","9,897.94","9,897.94","9,897.94",256.67M,1.59%
2020/3/4,-0.009878951,"9,743.24","9,743.24","9,743.24","9,743.24",337.09M,-0.98%
2020/3/3,0.015634848,"9,839.97","9,839.97","9,839.97","9,839.97",359.26M,1.58%
2020/3/2,-0.013560538,"9,687.32","9,687.32","9,687.32","9,687.32",443.38M,-1.35%
2020/2/28,-0.011672439,"9,819.58","9,819.58","9,819.58","9,819.58",300.86M,-1.16%
2020/2/27,0.003437249,"9,934.87","9,934.87","9,934.87","9,934.87",290.90M,0.34%
2020/2/26,0.00666914,"9,900.78","9,900.78","9,900.78","9,900.78",390.18M,0.67%
2020/2/25,-0.047217422,"9,834.97","9,834.97","9,834.97","9,834.97",321.59M,-4.61%
2020/2/21,-0.010403971,"10,310.49","10,310.49","10,310.49","10,310.49",324.11M,-1.03%
2020/2/20,0.012890939,"10,418.32","10,418.32","10,418.32","10,418.32",238.93M,1.30%
2020/2/19,-0.008253738,"10,284.88","10,284.88","10,284.88","10,284.88",249.69M,-0.82%
2020/2/18,-0.001828586,"10,370.12","10,370.12","10,370.12","10,370.12",211.79M,-0.18%
2020/2/14,-0.00283837,"10,389.10","10,389.10","10,389.10","10,389.10",407.94M,-0.28%
2020/2/13,0.016587149,"10,418.63","10,418.63","10,418.63","10,418.63",317.00M,1.67%
2020/2/12,0.015820419,"10,247.24","10,247.24","10,247.24","10,247.24",315.77M,1.59%
2020/2/11,-0.013201655,"10,086.40","10,086.40","10,086.40","10,086.40",348.29M,-1.31%
2020/2/7,0.01760836,"10,220.44","10,220.44","10,220.44","10,220.44",366.23M,1.78%
2020/2/6,-0.008623295,"10,042.05","10,042.05","10,042.05","10,042.05",268.22M,-0.86%
2020/2/5,0.042331712,"10,129.02","10,129.02","10,129.02","10,129.02",320.19M,4.32%
2020/2/4,-0.033032032,"9,709.19","9,709.19","9,709.19","9,709.19",310.06M,-3.25%
2020/1/23,0.006169305,"10,035.26","10,035.26","10,035.26","10,035.26",255.74M,0.62%
2020/1/22,-0.02900220414700700 ,"9,973.54","9,973.54","9,973.54","9,973.54",297.36M,0.00%
2020/1/21,-0.029002204,"9,973.54","9,973.54","9,973.54","9,973.54",173.50M,-2.86%
2020/1/17,-0.001068871,"10,267.03","10,267.03","10,267.03","10,267.03",235.51M,-0.11%
2020/1/16,-0.004305755,"10,278.01","10,278.01","10,278.01","10,278.01",257.53M,-0.43%
2020/1/15,-0.01728853,"10,322.36","10,322.36","10,322.36","10,322.36",308.05M,-1.71%
2020/1/14,0.032050581,"10,502.37","10,502.37","10,502.37","10,502.37",274.91M,3.26%
2020/1/10,0.018131953,"10,171.10","10,171.10","10,171.10","10,171.10",183.07M,1.83%
2020/1/9,-0.00657105,"9,988.34","9,988.34","9,988.34","9,988.34",172.72M,-0.65%
2020/1/8,0.012454162,"10,054.19","10,054.19","10,054.19","10,054.19",175.99M,1.25%
2020/1/7,-0.004465455,"9,929.75","9,929.75","9,929.75","9,929.75",175.96M,-0.45%
2020/1/3,0.037191331,"9,974.19","9,974.19","9,974.19","9,974.19",204.97M,3.79%
2020/1/2,-0.00923191997119055 ,"9,610.05","9,610.05","9,610.05","9,610.05",,0.00%
2020/1/1,-0.00923192,"9,610.05","9,610.05","9,610.05","9,610.05",111.00M,-0.92%
2019/12/31,-0.003135551,"9,699.18","9,699.18","9,699.18","9,699.18",136.33M,-0.31%
2019/12/27,0.000965558,"9,729.64","9,729.64","9,729.64","9,729.64",32.49M,0.10%
2019/12/26,-0.000897722,"9,720.25","9,720.25","9,720.25","9,720.25",,-0.09%
2019/12/25,-0.000392564,"9,728.98","9,728.98","9,728.98","9,728.98",63.52M,-0.04%
2019/12/24,0.011809139,"9,732.80","9,732.80","9,732.80","9,732.80",131.71M,1.19%
2019/12/20,2.70E-05,"9,618.54","9,618.54","9,618.54","9,618.54",131.15M,0.00%
2019/12/19,0.008028373,"9,618.28","9,618.28","9,618.28","9,618.28",158.67M,0.81%
2019/12/18,0.016145154,"9,541.37","9,541.37","9,541.37","9,541.37",177.82M,1.63%
2019/12/17,0.012954532,"9,388.56","9,388.56","9,388.56","9,388.56",202.11M,1.30%
2019/12/13,0.008776255,"9,267.72","9,267.72","9,267.72","9,267.72",161.46M,0.88%
2019/12/12,0.011130935,"9,186.74","9,186.74","9,186.74","9,186.74",122.69M,1.12%
2019/12/11,0.001635891,"9,085.05","9,085.05","9,085.05","9,085.05",130.27M,0.16%
2019/12/10,0.001434293,"9,070.20","9,070.20","9,070.20","9,070.20",115.84M,0.14%
2019/12/6,0.02102616,"9,057.20","9,057.20","9,057.20","9,057.20",112.42M,2.12%
2019/12/5,-0.006741426,"8,868.75","8,868.75","8,868.75","8,868.75",127.47M,-0.67%
2019/12/4,-0.007647022,"8,928.74","8,928.74","8,928.74","8,928.74",146.31M,-0.76%
2019/12/3,-0.01706433,"8,997.28","8,997.28","8,997.28","8,997.28",129.39M,-1.69%
2019/11/29,0.002710143,"9,152.13","9,152.13","9,152.13","9,152.13",105.62M,0.27%
2019/11/28,0.014684341,"9,127.36","9,127.36","9,127.36","9,127.36",169.78M,1.48%
2019/11/27,0.005857481,"8,994.31","8,994.31","8,994.31","8,994.31",287.32M,0.59%
2019/11/26,0.037563,"8,941.78","8,941.78","8,941.78","8,941.78",159.71M,3.83%
2019/11/22,-0.001341393,"8,612.13","8,612.13","8,612.13","8,612.13",158.28M,-0.13%
2019/11/21,-0.014308606,"8,623.69","8,623.69","8,623.69","8,623.69",191.54M,-1.42%
2019/11/20,0.00399059,"8,747.97","8,747.97","8,747.97","8,747.97",166.68M,0.40%
2019/11/19,0.011279784,"8,713.13","8,713.13","8,713.13","8,713.13",194.26M,1.13%
2019/11/15,-0.010662134,"8,615.40","8,615.40","8,615.40","8,615.40",201.22M,-1.06%
2019/11/14,-0.014946738,"8,707.75","8,707.75","8,707.75","8,707.75",129.29M,-1.48%
2019/11/13,0.008418754,"8,838.88","8,838.88","8,838.88","8,838.88",129.24M,0.85%
2019/11/12,-0.017341501,"8,764.78","8,764.78","8,764.78","8,764.78",161.50M,-1.72%
2019/11/8,0.016860145,"8,918.10","8,918.10","8,918.10","8,918.10",203.46M,1.70%
2019/11/7,-0.001622585,"8,769.00","8,769.00","8,769.00","8,769.00",132.76M,-0.16%
2019/11/6,0.003865948,"8,783.24","8,783.24","8,783.24","8,783.24",190.73M,0.39%
2019/11/5,0.030638265,"8,749.35","8,749.35","8,749.35","8,749.35",212.93M,3.11%
2019/11/1,-0.000334639,"8,485.35","8,485.35","8,485.35","8,485.35",133.92M,-0.03%
2019/10/31,0.002937799,"8,488.19","8,488.19","8,488.19","8,488.19",122.81M,0.29%
2019/10/30,-0.014794391,"8,463.29","8,463.29","8,463.29","8,463.29",142.58M,-1.47%
2019/10/29,0.026694836,"8,589.43","8,589.43","8,589.43","8,589.43",192.97M,2.71%
2019/10/25,0.01436037,"8,363.17","8,363.17","8,363.17","8,363.17",137.72M,1.45%
2019/10/24,-0.005699448,"8,243.93","8,243.93","8,243.93","8,243.93",125.30M,-0.57%
2019/10/23,-0.013306245,"8,291.05","8,291.05","8,291.05","8,291.05",130.33M,-1.32%
2019/10/22,-0.01079122,"8,402.11","8,402.11","8,402.11","8,402.11",144.43M,-1.07%
2019/10/18,-0.00130136,"8,493.27","8,493.27","8,493.27","8,493.27",138.78M,-0.13%
2019/10/17,0.008739528,"8,504.33","8,504.33","8,504.33","8,504.33",145.67M,0.88%
2019/10/16,0.017344608,"8,430.33","8,430.33","8,430.33","8,430.33",133.55M,1.75%
2019/10/15,0.024828433,"8,285.37","8,285.37","8,285.37","8,285.37",113.15M,2.51%
2019/10/11,0.008894714,"8,082.19","8,082.19","8,082.19","8,082.19",137.32M,0.89%
2019/10/10,0.004983297,"8,010.62","8,010.62","8,010.62","8,010.62",113.80M,0.50%
2019/10/9,-0.016808561,"7,970.80","7,970.80","7,970.80","7,970.80",164.14M,-1.67%
2019/10/8,-0.024514738,"8,105.91","8,105.91","8,105.91","8,105.91",49.98M,-2.42%
2019/9/27,0.000180585,"8,307.08","8,307.08","8,307.08","8,307.08",138.51M,0.02%
2019/9/26,0.010469297,"8,305.58","8,305.58","8,305.58","8,305.58",163.67M,1.05%
2019/9/25,-0.020584624,"8,219.08","8,219.08","8,219.08","8,219.08",172.03M,-2.04%
2019/9/24,-0.01751902,"8,390.02","8,390.02","8,390.02","8,390.02",125.92M,-1.74%
2019/9/20,-0.003264637,"8,538.30","8,538.30","8,538.30","8,538.30",143.59M,-0.33%
2019/9/19,0.001208965,"8,566.22","8,566.22","8,566.22","8,566.22",154.59M,0.12%
2019/9/18,0.002142344,"8,555.87","8,555.87","8,555.87","8,555.87",141.02M,0.21%
2019/9/17,-0.001609235,"8,537.56","8,537.56","8,537.56","8,537.56",316.07M,-0.16%
2019/9/12,0.015334527,"8,551.31","8,551.31","8,551.31","8,551.31",156.56M,1.55%
2019/9/11,-0.009105592,"8,421.18","8,421.18","8,421.18","8,421.18",164.15M,-0.91%
2019/9/10,0.002959114,"8,498.21","8,498.21","8,498.21","8,498.21",141.87M,0.30%
2019/9/6,0.016612903,"8,473.10","8,473.10","8,473.10","8,473.10",164.73M,1.68%
2019/9/5,0.017400164,"8,333.50","8,333.50","8,333.50","8,333.50",176.01M,1.76%
2019/9/4,-0.011990465,"8,189.75","8,189.75","8,189.75","8,189.75",193.51M,-1.19%
2019/9/3,0.013900772,"8,288.54","8,288.54","8,288.54","8,288.54",86.85M,1.40%
2019/8/30,0.01781469,"8,174.12","8,174.12","8,174.12","8,174.12",183.32M,1.80%
2019/8/29,-0.001263245,"8,029.79","8,029.79","8,029.79","8,029.79",134.45M,-0.13%
2019/8/28,0.004236605,"8,039.94","8,039.94","8,039.94","8,039.94",201.41M,0.42%
2019/8/27,-0.012810505,"8,005.95","8,005.95","8,005.95","8,005.95",247.90M,-1.27%
2019/8/23,-0.012963797,"8,109.17","8,109.17","8,109.17","8,109.17",177.32M,-1.29%
2019/8/22,-0.002778857,"8,214.98","8,214.98","8,214.98","8,214.98",234.97M,-0.28%
2019/8/21,-0.003776618,"8,237.84","8,237.84","8,237.84","8,237.84",184.40M,-0.38%
2019/8/20,0.053394587,"8,269.01","8,269.01","8,269.01","8,269.01",219.28M,5.48%
2019/8/16,0.003279996,"7,839.07","7,839.07","7,839.07","7,839.07",162.63M,0.33%
2019/8/15,-0.005399175,"7,813.40","7,813.40","7,813.40","7,813.40",186.00M,-0.54%
2019/8/14,0.018939118,"7,855.70","7,855.70","7,855.70","7,855.70",224.41M,1.91%
2019/8/13,-0.014498094,"7,708.32","7,708.32","7,708.32","7,708.32",126.47M,-1.44%
2019/8/9,0.020124714,"7,820.89","7,820.89","7,820.89","7,820.89",133.74M,2.03%
2019/8/8,0.010232116,"7,665.07","7,665.07","7,665.07","7,665.07",150.57M,1.03%
2019/8/7,0.010790788,"7,587.04","7,587.04","7,587.04","7,587.04",253.35M,1.08%
2019/8/6,-0.07235651,"7,505.61","7,505.61","7,505.61","7,505.61",244.55M,-6.98%
2019/8/2,-0.017342018,"8,068.82","8,068.82","8,068.82","8,068.82",181.66M,-1.72%
2019/8/1,-0.009600574,"8,209.97","8,209.97","8,209.97","8,209.97",118.01M,-0.96%
2019/7/31,-0.006701929,"8,289.17","8,289.17","8,289.17","8,289.17",108.13M,-0.67%
2019/7/30,-0.0055556,"8,344.91","8,344.91","8,344.91","8,344.91",119.61M,-0.55%
2019/7/26,-0.005051927,"8,391.40","8,391.40","8,391.40","8,391.40",159.02M,-0.50%
2019/7/25,0.010239705,"8,433.90","8,433.90","8,433.90","8,433.90",146.06M,1.03%
2019/7/24,0.017768373,"8,347.98","8,347.98","8,347.98","8,347.98",125.76M,1.79%
2019/7/23,0.002994373,"8,200.96","8,200.96","8,200.96","8,200.96",113.96M,0.30%
2019/7/19,-0.013119794,"8,176.44","8,176.44","8,176.44","8,176.44",104.27M,-1.30%
2019/7/18,0.000713642,"8,284.42","8,284.42","8,284.42","8,284.42",101.67M,0.07%
2019/7/17,0.00140462,"8,278.51","8,278.51","8,278.51","8,278.51",117.17M,0.14%
2019/7/16,0.015600887,"8,266.89","8,266.89","8,266.89","8,266.89",105.98M,1.57%
2019/7/12,-0.006123307,"8,138.92","8,138.92","8,138.92","8,138.92",93.28M,-0.61%
2019/7/11,-0.000280828,"8,188.91","8,188.91","8,188.91","8,188.91",105.37M,-0.03%
2019/7/10,0.00337638,"8,191.21","8,191.21","8,191.21","8,191.21",99.63M,0.34%
2019/7/9,-0.02906894,"8,163.60","8,163.60","8,163.60","8,163.60",122.13M,-2.87%
2019/7/5,0.00145506,"8,404.39","8,404.39","8,404.39","8,404.39",61.80M,0.15%
2019/7/4,-0.003100464,"8,392.17","8,392.17","8,392.17","8,392.17",113.25M,-0.31%
2019/7/3,0.008346458,"8,418.23","8,418.23","8,418.23","8,418.23",188.89M,0.84%
2019/7/2,0.013131677,"8,348.26","8,348.26","8,348.26","8,348.26",87.54M,1.32%
2019/6/28,0.015540029,"8,239.35","8,239.35","8,239.35","8,239.35",156.38M,1.57%
2019/6/27,0.016520714,"8,112.30","8,112.30","8,112.30","8,112.30",129.74M,1.67%
2019/6/26,-0.017410325,"7,979.38","7,979.38","7,979.38","7,979.38",121.42M,-1.73%
2019/6/25,-0.006338619,"8,119.52","8,119.52","8,119.52","8,119.52",122.97M,-0.63%
2019/6/21,0.014478045,"8,171.15","8,171.15","8,171.15","8,171.15",187.98M,1.46%
2019/6/20,0.012811268,"8,053.70","8,053.70","8,053.70","8,053.70",170.73M,1.29%
2019/6/19,0.025617179,"7,951.18","7,951.18","7,951.18","7,951.18",152.65M,2.59%
2019/6/18,-0.009736858,"7,750.08","7,750.08","7,750.08","7,750.08",120.74M,-0.97%
2019/6/14,-0.000102219,"7,825.91","7,825.91","7,825.91","7,825.91",161.07M,-0.01%
2019/6/13,-0.016634213,"7,826.71","7,826.71","7,826.71","7,826.71",150.78M,-1.65%
2019/6/12,0.016753043,"7,957.99","7,957.99","7,957.99","7,957.99",212.42M,1.69%
2019/6/11,0.041636782,"7,825.78","7,825.78","7,825.78","7,825.78",187.81M,4.25%
2019/6/6,-0.008052346,"7,506.63","7,506.63","7,506.63","7,506.63",171.12M,-0.80%
2019/6/5,0.010932614,"7,567.32","7,567.32","7,567.32","7,567.32",226.91M,1.10%
2019/6/4,-0.009140415,"7,485.04","7,485.04","7,485.04","7,485.04",209.20M,-0.91%
2019/5/31,0.000361474,"7,553.77","7,553.77","7,553.77","7,553.77",316.24M,0.04%
2019/5/30,-0.008506907,"7,551.04","7,551.04","7,551.04","7,551.04",233.84M,-0.85%
2019/5/29,0.00269549,"7,615.55","7,615.55","7,615.55","7,615.55",621.98M,0.27%
2019/5/28,-0.004386649,"7,595.05","7,595.05","7,595.05","7,595.05",281.92M,-0.44%
2019/5/24,-0.031607891,"7,628.44","7,628.44","7,628.44","7,628.44",316.04M,-3.11%
2019/5/23,-0.014066008,"7,873.41","7,873.41","7,873.41","7,873.41",241.75M,-1.40%
2019/5/22,0.015064803,"7,984.94","7,984.94","7,984.94","7,984.94",266.78M,1.52%
2019/5/21,-0.087558974,"7,865.55","7,865.55","7,865.55","7,865.55",306.56M,-8.38%
2019/5/16,0.013886994,"8,585.30","8,585.30","8,585.30","8,585.30",229.08M,1.40%
2019/5/15,0.012963227,"8,466.90","8,466.90","8,466.90","8,466.90",279.67M,1.30%
2019/5/14,-0.025233363,"8,357.85","8,357.85","8,357.85","8,357.85",105.59M,-2.49%
2019/5/10,-0.007106521,"8,571.43","8,571.43","8,571.43","8,571.43",242.48M,-0.71%
2019/5/9,-0.00340916,"8,632.56","8,632.56","8,632.56","8,632.56",210.23M,-0.34%
2019/5/8,-0.015868504,"8,662.04","8,662.04","8,662.04","8,662.04",212.14M,-1.57%
2019/5/7,-0.015393506,"8,800.59","8,800.59","8,800.59","8,800.59",309.74M,-1.53%
2019/5/2,-0.00177528400295834 ,"8,937.11","8,937.11","8,937.11","8,937.11",52.15M,0.00%
2019/5/1,-0.001775284,"8,937.11","8,937.11","8,937.11","8,937.11",181.83M,-0.18%
2019/4/30,0.009605924,"8,952.99","8,952.99","8,952.99","8,952.99",151.42M,0.97%
2019/4/26,-0.007578849,"8,867.40","8,867.40","8,867.40","8,867.40",188.86M,-0.76%
2019/4/25,-0.004313081,"8,934.86","8,934.86","8,934.86","8,934.86",214.26M,-0.43%
2019/4/24,0.009339762,"8,973.48","8,973.48","8,973.48","8,973.48",177.71M,0.94%
2019/4/23,-0.001681364,"8,890.06","8,890.06","8,890.06","8,890.06",49.82M,-0.17%
2019/4/19,-0.004757883,"8,905.02","8,905.02","8,905.02","8,905.02",178.86M,-0.47%
2019/4/18,0.00580166,"8,947.49","8,947.49","8,947.49","8,947.49",392.53M,0.58%
2019/4/17,0.009989328,"8,895.73","8,895.73","8,895.73","8,895.73",198.14M,1.00%
2019/4/16,-0.007413994,"8,807.31","8,807.31","8,807.31","8,807.31",273.35M,-0.74%
2019/4/12,-0.009081971,"8,872.85","8,872.85","8,872.85","8,872.85",224.43M,-0.90%
2019/4/11,-0.00432733,"8,953.80","8,953.80","8,953.80","8,953.80",211.04M,-0.43%
2019/4/10,-0.002233779,"8,992.63","8,992.63","8,992.63","8,992.63",195.74M,-0.22%
2019/4/9,0.020870375,"9,012.74","9,012.74","9,012.74","9,012.74",222.76M,2.11%
2019/4/5,-0.000770103,"8,826.59","8,826.59","8,826.59","8,826.59",299.76M,-0.08%
2019/4/4,0.011496323,"8,833.39","8,833.39","8,833.39","8,833.39",223.07M,1.16%
2019/4/3,-0.002984404,"8,732.42","8,732.42","8,732.42","8,732.42",233.24M,-0.30%
2019/4/2,0.039942191,"8,758.52","8,758.52","8,758.52","8,758.52",334.21M,4.08%
2019/3/29,0.005196723,"8,415.58","8,415.58","8,415.58","8,415.58",265.12M,0.52%
2019/3/28,0.005196254,"8,371.96","8,371.96","8,371.96","8,371.96",379.22M,0.52%
2019/3/27,-0.002957715,"8,328.57","8,328.57","8,328.57","8,328.57",203.44M,-0.30%
2019/3/26,-0.016386734,"8,353.24","8,353.24","8,353.24","8,353.24",234.34M,-1.63%
2019/3/22,-0.00333317,"8,491.25","8,491.25","8,491.25","8,491.25",189.62M,-0.33%
2019/3/21,-0.012516996,"8,519.60","8,519.60","8,519.60","8,519.60",174.01M,-1.24%
2019/3/20,-0.00440669,"8,626.91","8,626.91","8,626.91","8,626.91",215.82M,-0.44%
2019/3/19,0.033737568,"8,665.01","8,665.01","8,665.01","8,665.01",224.25M,3.43%
2019/3/15,-0.010181296,"8,377.55","8,377.55","8,377.55","8,377.55",184.54M,-1.01%
2019/3/14,-0.007395242,"8,463.28","8,463.28","8,463.28","8,463.28",242.96M,-0.74%
2019/3/13,-0.004157377,"8,526.10","8,526.10","8,526.10","8,526.10",235.36M,-0.41%
2019/3/12,0.011666057,"8,561.62","8,561.62","8,561.62","8,561.62",211.15M,1.17%
2019/3/8,-0.031565738,"8,462.32","8,462.32","8,462.32","8,462.32",220.58M,-3.11%
2019/3/7,-0.001051693,"8,733.70","8,733.70","8,733.70","8,733.70",244.48M,-0.11%
2019/3/6,0.024858962,"8,742.89","8,742.89","8,742.89","8,742.89",295.21M,2.52%
2019/3/5,0.014626459,"8,528.23","8,528.23","8,528.23","8,528.23",523.09M,1.47%
2019/3/1,0.000568912,"8,404.40","8,404.40","8,404.40","8,404.40",304.69M,0.06%
2019/2/28,-0.001166039,"8,399.62","8,399.62","8,399.62","8,399.62",241.64M,-0.12%
2019/2/27,-0.010032249,"8,409.42","8,409.42","8,409.42","8,409.42",253.64M,-1.00%
2019/2/26,0.038909726,"8,494.21","8,494.21","8,494.21","8,494.21",345.45M,3.97%
2019/2/22,-0.008823814,"8,170.05","8,170.05","8,170.05","8,170.05",198.56M,-0.88%
2019/2/21,0.006693906,"8,242.46","8,242.46","8,242.46","8,242.46",199.20M,0.67%
2019/2/20,0.008757658,"8,187.47","8,187.47","8,187.47","8,187.47",185.63M,0.88%
2019/2/19,-0.020274636,"8,116.08","8,116.08","8,116.08","8,116.08",122.16M,-2.01%
2019/2/15,0.00132297,"8,282.31","8,282.31","8,282.31","8,282.31",225.83M,0.13%
2019/2/14,-0.000257482,"8,271.36","8,271.36","8,271.36","8,271.36",244.00M,-0.03%
2019/2/13,0.012465127,"8,273.49","8,273.49","8,273.49","8,273.49",334.81M,1.25%
2019/2/12,0.012850543,"8,171.00","8,171.00","8,171.00","8,171.00",319.47M,1.29%
2019/2/1,0.014853146,"8,066.67","8,066.67","8,066.67","8,066.67",245.62M,1.50%
2019/1/31,0.021227166,"7,947.74","7,947.74","7,947.74","7,947.74",166.15M,2.15%
2019/1/30,-0.006342932,"7,780.81","7,780.81","7,780.81","7,780.81",147.38M,-0.63%
2019/1/29,0.020941032,"7,830.32","7,830.32","7,830.32","7,830.32",361.25M,2.12%
2019/1/25,0.007038227,"7,668.05","7,668.05","7,668.05","7,668.05",187.93M,0.71%
2019/1/24,0.004843428,"7,614.27","7,614.27","7,614.27","7,614.27",154.57M,0.49%
2019/1/23,-0.030187141,"7,577.48","7,577.48","7,577.48","7,577.48",259.78M,-2.97%
2019/1/22,0.026882799,"7,809.71","7,809.71","7,809.71","7,809.71",342.36M,2.72%
2019/1/18,0.00074608,"7,602.56","7,602.56","7,602.56","7,602.56",212.77M,0.07%
2019/1/17,0.017147882,"7,596.89","7,596.89","7,596.89","7,596.89",135.94M,1.73%
2019/1/16,0.01852279,"7,467.73","7,467.73","7,467.73","7,467.73",167.47M,1.87%
2019/1/15,-0.042080349,"7,330.68","7,330.68","7,330.68","7,330.68",148.91M,-4.12%
2019/1/11,-0.003590321,"7,645.74","7,645.74","7,645.74","7,645.74",195.56M,-0.36%
2019/1/10,0.034688563,"7,673.24","7,673.24","7,673.24","7,673.24",298.33M,3.53%
2019/1/9,0.003661763,"7,411.63","7,411.63","7,411.63","7,411.63",213.97M,0.37%
2019/1/8,0.069110015,"7,384.54","7,384.54","7,384.54","7,384.54",149.21M,7.16%
2019/1/4,-0.029320276,"6,891.43","6,891.43","6,891.43","6,891.43",179.66M,-2.89%
2019/1/3,-0.008535326,"7,096.48","7,096.48","7,096.48","7,096.48",154.21M,-0.85%
2019/1/2,-0.013890182,"7,157.31","7,157.31","7,157.31","7,157.31",,-1.38%
2018/12/28,0.005705596,"7,257.42","7,257.42","7,257.42","7,257.42",228.64M,0.57%
2018/12/27,0.023841687,"7,216.13","7,216.13","7,216.13","7,216.13",60.46M,2.41%
2018/12/26,-0.001279318,"7,046.12","7,046.12","7,046.12","7,046.12",,-0.13%
2018/12/25,-0.003771683,"7,055.14","7,055.14","7,055.14","7,055.14",233.72M,-0.38%
2018/12/21,-0.009652773,"7,081.80","7,081.80","7,081.80","7,081.80",235.18M,-0.96%
2018/12/20,-0.022623106,"7,150.49","7,150.49","7,150.49","7,150.49",150.13M,-2.24%
2018/12/19,-0.020587534,"7,314.10","7,314.10","7,314.10","7,314.10",455.94M,-2.04%
2018/12/18,-0.044457586,"7,466.24","7,466.24","7,466.24","7,466.24",196.28M,-4.35%
2018/12/14,-0.000633954,"7,805.66","7,805.66","7,805.66","7,805.66",206.44M,-0.06%
2018/12/13,0.016704677,"7,810.61","7,810.61","7,810.61","7,810.61",192.26M,1.68%
2018/12/12,0.009649044,"7,681.22","7,681.22","7,681.22","7,681.22",154.38M,0.97%
2018/12/11,-0.015562872,"7,607.46","7,607.46","7,607.46","7,607.46",262.59M,-1.54%
2018/12/7,-0.01597799,"7,726.78","7,726.78","7,726.78","7,726.78",171.11M,-1.59%
2018/12/6,-0.009980306,"7,851.23","7,851.23","7,851.23","7,851.23",102.72M,-0.99%
2018/12/5,-0.029726592,"7,929.98","7,929.98","7,929.98","7,929.98",229.01M,-2.93%
2018/12/4,0.053746762,"8,169.25","8,169.25","8,169.25","8,169.25",253.75M,5.52%
2018/11/30,-0.025441609,"7,741.77","7,741.77","7,741.77","7,741.77",162.90M,-2.51%
2018/11/29,0.024444918,"7,941.26","7,941.26","7,941.26","7,941.26",177.37M,2.47%
2018/11/28,0.00214696,"7,749.49","7,749.49","7,749.49","7,749.49",151.53M,0.21%
2018/11/27,-0.004213347,"7,732.87","7,732.87","7,732.87","7,732.87",147.96M,-0.42%
2018/11/23,0.004666063,"7,765.52","7,765.52","7,765.52","7,765.52",191.64M,0.47%
2018/11/22,0.035648904,"7,729.37","7,729.37","7,729.37","7,729.37",181.20M,3.63%
2018/11/21,-0.028475174,"7,458.68","7,458.68","7,458.68","7,458.68",184.83M,-2.81%
2018/11/20,-0.026879015,"7,674.12","7,674.12","7,674.12","7,674.12",195.07M,-2.65%
2018/11/16,0.036442302,"7,883.19","7,883.19","7,883.19","7,883.19",212.14M,3.71%
2018/11/15,0.013032718,"7,601.08","7,601.08","7,601.08","7,601.08",135.92M,1.31%
2018/11/14,0.020402221,"7,502.66","7,502.66","7,502.66","7,502.66",201.29M,2.06%
2018/11/13,-0.061738354,"7,351.14","7,351.14","7,351.14","7,351.14",147.50M,-5.99%
2018/11/9,-0.034257446,"7,819.29","7,819.29","7,819.29","7,819.29",173.23M,-3.37%
2018/11/8,0.016235035,"8,091.80","8,091.80","8,091.80","8,091.80",165.89M,1.64%
2018/11/7,0.007048594,"7,961.49","7,961.49","7,961.49","7,961.49",225.00M,0.71%
2018/11/6,-0.014596508,"7,905.57","7,905.57","7,905.57","7,905.57",150.31M,-1.45%
2018/11/2,0.063935929,"8,021.81","8,021.81","8,021.81","8,021.81",229.82M,6.60%
2018/11/1,0.042675987,"7,524.98","7,524.98","7,524.98","7,524.98",253.21M,4.36%
2018/10/31,0.002336792,"7,210.60","7,210.60","7,210.60","7,210.60",130.39M,0.23%
2018/10/30,-0.039642891,"7,193.77","7,193.77","7,193.77","7,193.77",138.70M,-3.89%
2018/10/26,0.023232027,"7,484.68","7,484.68","7,484.68","7,484.68",152.65M,2.35%
2018/10/25,-0.044535472,"7,312.80","7,312.80","7,312.80","7,312.80",149.89M,-4.36%
2018/10/24,-0.025700655,"7,645.84","7,645.84","7,645.84","7,645.84",168.97M,-2.54%
2018/10/23,0.030831612,"7,844.89","7,844.89","7,844.89","7,844.89",177.87M,3.13%
2018/10/19,-0.02862392,"7,606.71","7,606.71","7,606.71","7,606.71",167.18M,-2.82%
2018/10/18,-0.013133285,"7,827.59","7,827.59","7,827.59","7,827.59",58.08M,-1.30%
2018/10/17,0.013335156,"7,931.07","7,931.07","7,931.07","7,931.07",130.33M,1.34%
2018/10/16,0.019561384,"7,826.01","7,826.01","7,826.01","7,826.01",151.19M,1.98%
2018/10/12,-0.01340139,"7,674.41","7,674.41","7,674.41","7,674.41",351.73M,-1.33%
2018/10/11,-0.033454633,"7,777.95","7,777.95","7,777.95","7,777.95",174.74M,-3.29%
2018/10/10,-0.011768746,"8,042.56","8,042.56","8,042.56","8,042.56",141.71M,-1.17%
2018/10/9,-0.089619356,"8,137.77","8,137.77","8,137.77","8,137.77",157.34M,-8.57%
2018/9/28,0.003451727,"8,900.75","8,900.75","8,900.75","8,900.75",146.20M,0.35%
2018/9/27,0.012797319,"8,870.08","8,870.08","8,870.08","8,870.08",216.68M,1.29%
2018/9/26,0.00619802,"8,757.29","8,757.29","8,757.29","8,757.29",46.35M,0.62%
2018/9/25,-0.018637894,"8,703.18","8,703.18","8,703.18","8,703.18",135.95M,-1.85%
2018/9/21,0.015080017,"8,866.91","8,866.91","8,866.91","8,866.91",101.54M,1.52%
2018/9/20,0.031424479,"8,734.20","8,734.20","8,734.20","8,734.20",152.48M,3.19%
2018/9/19,-0.001600797,"8,464.00","8,464.00","8,464.00","8,464.00",300.30M,-0.16%
2018/9/18,-0.029482436,"8,477.56","8,477.56","8,477.56","8,477.56",181.92M,-2.91%
2018/9/14,0.032072616,"8,731.22","8,731.22","8,731.22","8,731.22",211.54M,3.26%
2018/9/13,0.014318587,"8,455.63","8,455.63","8,455.63","8,455.63",165.41M,1.44%
2018/9/12,0.001943,"8,335.42","8,335.42","8,335.42","8,335.42",138.10M,0.19%
2018/9/11,-0.017957243,"8,319.24","8,319.24","8,319.24","8,319.24",150.36M,-1.78%
2018/9/7,-0.009743429,"8,469.98","8,469.98","8,469.98","8,469.98",182.81M,-0.97%
2018/9/6,-0.039947103,"8,552.91","8,552.91","8,552.91","8,552.91",217.51M,-3.92%
2018/9/5,-0.020973831,"8,901.49","8,901.49","8,901.49","8,901.49",171.55M,-2.08%
2018/8/31,-0.021525351,"9,090.16","9,090.16","9,090.16","9,090.16",106.31M,-2.13%
2018/8/30,-0.002623615,"9,287.95","9,287.95","9,287.95","9,287.95",93.59M,-0.26%
2018/8/29,-0.012563104,"9,312.35","9,312.35","9,312.35","9,312.35",134.17M,-1.25%
2018/8/28,0.03486782,"9,430.08","9,430.08","9,430.08","9,430.08",178.81M,3.55%
2018/8/24,-0.015229971,"9,106.94","9,106.94","9,106.94","9,106.94",181.80M,-1.51%
2018/8/23,0.005737387,"9,246.70","9,246.70","9,246.70","9,246.70",164.40M,0.58%
2018/8/22,-0.000296895,"9,193.80","9,193.80","9,193.80","9,193.80",169.99M,-0.03%
2018/8/21,0.036608142,"9,196.53","9,196.53","9,196.53","9,196.53",141.88M,3.73%
2018/8/17,0.0034155,"8,865.95","8,865.95","8,865.95","8,865.95",267.39M,0.34%
2018/8/16,-0.025378837,"8,835.72","8,835.72","8,835.72","8,835.72",236.33M,-2.51%
2018/8/15,-0.031741285,"9,062.83","9,062.83","9,062.83","9,062.83",264.97M,-3.12%
2018/8/14,-0.016568361,"9,355.11","9,355.11","9,355.11","9,355.11",111.72M,-1.64%
2018/8/10,-0.005369623,"9,511.40","9,511.40","9,511.40","9,511.40",124.40M,-0.54%
2018/8/9,-0.013967201,"9,562.61","9,562.61","9,562.61","9,562.61",123.22M,-1.39%
2018/8/8,0.003674847,"9,697.11","9,697.11","9,697.11","9,697.11",140.99M,0.37%
2018/8/7,0.005383173,"9,661.54","9,661.54","9,661.54","9,661.54",135.67M,0.54%
2018/8/3,-0.017299626,"9,609.67","9,609.67","9,609.67","9,609.67",197.35M,-1.72%
2018/8/2,-0.014248506,"9,777.36","9,777.36","9,777.36","9,777.36",165.17M,-1.41%
2018/8/1,-0.007428727,"9,917.67","9,917.67","9,917.67","9,917.67",190.64M,-0.74%
2018/7/31,-0.031177432,"9,991.62","9,991.62","9,991.62","9,991.62",212.73M,-3.07%
2018/7/27,-0.019617071,"10,308.04","10,308.04","10,308.04","10,308.04",107.77M,-1.94%
2018/7/26,0.030568315,"10,512.25","10,512.25","10,512.25","10,512.25",154.12M,3.10%
2018/7/25,0.004755413,"10,195.77","10,195.77","10,195.77","10,195.77",144.58M,0.48%
2018/7/24,0.001757659,"10,147.40","10,147.40","10,147.40","10,147.40",89.35M,0.18%
2018/7/20,-0.016683068,"10,129.58","10,129.58","10,129.58","10,129.58",120.73M,-1.65%
2018/7/19,-0.00403844,"10,299.99","10,299.99","10,299.99","10,299.99",128.17M,-0.40%
2018/7/18,0.002943893,"10,341.67","10,341.67","10,341.67","10,341.67",118.67M,0.29%
2018/7/17,-0.003884304,"10,311.27","10,311.27","10,311.27","10,311.27",130.00M,-0.39%
2018/7/13,0.025523425,"10,351.40","10,351.40","10,351.40","10,351.40",206.76M,2.59%
2018/7/12,-0.012384175,"10,090.54","10,090.54","10,090.54","10,090.54",155.17M,-1.23%
2018/7/11,-0.013466688,"10,216.28","10,216.28","10,216.28","10,216.28",153.91M,-1.34%
2018/7/10,0.038254864,"10,354.79","10,354.79","10,354.79","10,354.79",272.38M,3.90%
2018/7/6,-0.00045945,"9,966.15","9,966.15","9,966.15","9,966.15",318.64M,-0.05%
2018/7/5,-0.006387313,"9,970.73","9,970.73","9,970.73","9,970.73",69.35M,-0.64%
2018/7/4,-0.009785916,"10,034.62","10,034.62","10,034.62","10,034.62",145.28M,-0.97%
2018/7/3,0.017560248,"10,133.30","10,133.30","10,133.30","10,133.30",59.76M,1.77%
2018/6/29,0.014011662,"9,956.91","9,956.91","9,956.91","9,956.91",212.39M,1.41%
2018/6/28,-0.031299503,"9,818.37","9,818.37","9,818.37","9,818.37",209.92M,-3.08%
2018/6/27,0.006753888,"10,130.54","10,130.54","10,130.54","10,130.54",226.49M,0.68%
2018/6/26,-0.034213955,"10,062.35","10,062.35","10,062.35","10,062.35",216.22M,-3.36%
2018/6/22,-0.015142281,"10,412.58","10,412.58","10,412.58","10,412.58",221.53M,-1.50%
2018/6/21,0.006979829,"10,571.45","10,571.45","10,571.45","10,571.45",204.17M,0.70%
2018/6/20,-0.021019831,"10,497.92","10,497.92","10,497.92","10,497.92",353.76M,-2.08%
2018/6/19,0.002538449,"10,720.92","10,720.92","10,720.92","10,720.92",118.94M,0.25%
2018/6/15,0.013367748,"10,693.74","10,693.74","10,693.74","10,693.74",260.85M,1.35%
2018/6/14,-0.005385529,"10,551.74","10,551.74","10,551.74","10,551.74",197.34M,-0.54%
2018/6/13,0.00815288,"10,608.72","10,608.72","10,608.72","10,608.72",205.60M,0.82%
2018/6/12,0.010404058,"10,522.58","10,522.58","10,522.58","10,522.58",285.13M,1.05%
2018/6/8,-0.003172516,"10,413.67","10,413.67","10,413.67","10,413.67",184.13M,-0.32%
2018/6/7,0.005561655,"10,446.76","10,446.76","10,446.76","10,446.76",303.29M,0.56%
2018/6/6,0.00398335,"10,388.82","10,388.82","10,388.82","10,388.82",176.61M,0.40%
2018/6/5,0.052066115,"10,347.52","10,347.52","10,347.52","10,347.52",258.22M,5.34%
2018/6/1,0.002653542,"9,822.55","9,822.55","9,822.55","9,822.55",302.17M,0.27%
2018/5/31,-0.003420869,"9,796.52","9,796.52","9,796.52","9,796.52",211.46M,-0.34%
2018/5/30,-0.001675081,"9,830.09","9,830.09","9,830.09","9,830.09",316.54M,-0.17%
2018/5/29,0.008281741,"9,846.57","9,846.57","9,846.57","9,846.57",192.40M,0.83%
2018/5/25,-0.003078604,"9,765.36","9,765.36","9,765.36","9,765.36",1.20B,-0.31%
2018/5/24,0.006631115,"9,795.47","9,795.47","9,795.47","9,795.47",207.11M,0.67%
2018/5/23,-0.002902042,"9,730.73","9,730.73","9,730.73","9,730.73",50.85M,-0.29%
2018/5/22,-0.032950422,"9,759.01","9,759.01","9,759.01","9,759.01",154.24M,-3.24%
2018/5/18,-0.006877001,"10,085.93","10,085.93","10,085.93","10,085.93",259.25M,-0.69%
2018/5/17,0.010758237,"10,155.53","10,155.53","10,155.53","10,155.53",150.71M,1.08%
2018/5/16,-0.01157224,"10,046.86","10,046.86","10,046.86","10,046.86",132.35M,-1.15%
2018/5/15,0.008290038,"10,163.80","10,163.80","10,163.80","10,163.80",109.86M,0.83%
2018/5/11,0.014887214,"10,079.89","10,079.89","10,079.89","10,079.89",114.16M,1.50%
2018/5/10,-0.003322458,"9,930.94","9,930.94","9,930.94","9,930.94",96.09M,-0.33%
2018/5/9,0.013569179,"9,963.99","9,963.99","9,963.99","9,963.99",129.83M,1.37%
2018/5/8,0.027324995,"9,829.70","9,829.70","9,829.70","9,829.70",117.55M,2.77%
2018/5/4,-0.005226398,"9,564.74","9,564.74","9,564.74","9,564.74",105.16M,-0.52%
2018/5/3,0.002817318,"9,614.86","9,614.86","9,614.86","9,614.86",94.11M,0.28%
2018/5/2,0.032749495,"9,587.81","9,587.81","9,587.81","9,587.81",26.91M,3.33%
2018/4/27,0.012427504,"9,278.90","9,278.90","9,278.90","9,278.90",104.69M,1.25%
2018/4/26,-0.010649853,"9,164.30","9,164.30","9,164.30","9,164.30",106.70M,-1.06%
2018/4/25,-0.011894534,"9,262.42","9,262.42","9,262.42","9,262.42",84.01M,-1.18%
2018/4/24,-0.02381779,"9,373.25","9,373.25","9,373.25","9,373.25",92.96M,-2.35%
2018/4/20,-0.001879643,"9,599.18","9,599.18","9,599.18","9,599.18",114.65M,-0.19%
2018/4/19,0.005568001,"9,617.24","9,617.24","9,617.24","9,617.24",115.35M,0.56%
2018/4/18,0.013786802,"9,563.84","9,563.84","9,563.84","9,563.84",102.73M,1.39%
2018/4/17,-0.020027327,"9,432.89","9,432.89","9,432.89","9,432.89",98.44M,-1.98%
2018/4/13,-0.000390625,"9,623.71","9,623.71","9,623.71","9,623.71",97.92M,-0.04%
2018/4/12,-0.005542665,"9,627.47","9,627.47","9,627.47","9,627.47",77.29M,-0.55%
2018/4/11,0.02110541,"9,680.98","9,680.98","9,680.98","9,680.98",113.01M,2.13%
2018/4/10,0.006272532,"9,478.80","9,478.80","9,478.80","9,478.80",99.85M,0.63%
2018/4/4,-0.003966842,"9,419.53","9,419.53","9,419.53","9,419.53",97.78M,-0.40%
2018/4/3,-0.020431761,"9,456.97","9,456.97","9,456.97","9,456.97",34.49M,-2.02%
2018/3/30,0.010466741,"9,652.18","9,652.18","9,652.18","9,652.18",154.61M,1.05%
2018/3/29,-0.025541853,"9,551.68","9,551.68","9,551.68","9,551.68",176.17M,-2.52%
2018/3/28,-0.025558472,"9,798.79","9,798.79","9,798.79","9,798.79",134.76M,-2.52%
2018/3/27,-0.01271568,"10,052.46","10,052.46","10,052.46","10,052.46",140.07M,-1.26%
2018/3/23,-0.048471596,"10,181.10","10,181.10","10,181.10","10,181.10",219.01M,-4.73%
2018/3/22,-0.01033127,"10,686.75","10,686.75","10,686.75","10,686.75",143.46M,-1.03%
2018/3/21,0.01193079,"10,797.73","10,797.73","10,797.73","10,797.73",104.94M,1.20%
2018/3/20,-0.018112944,"10,669.67","10,669.67","10,669.67","10,669.67",118.81M,-1.80%
2018/3/16,0.017136821,"10,864.69","10,864.69","10,864.69","10,864.69",113.65M,1.73%
2018/3/15,0.005969982,"10,680.09","10,680.09","10,680.09","10,680.09",115.34M,0.60%
2018/3/14,-0.01772172,"10,616.52","10,616.52","10,616.52","10,616.52",101.92M,-1.76%
2018/3/13,0.023919939,"10,806.34","10,806.34","10,806.34","10,806.34",151.66M,2.42%
2018/3/9,0.009182465,"10,550.92","10,550.92","10,550.92","10,550.92",89.42M,0.92%
2018/3/8,0.008274627,"10,454.48","10,454.48","10,454.48","10,454.48",102.57M,0.83%
2018/3/7,0.012964244,"10,368.33","10,368.33","10,368.33","10,368.33",140.83M,1.30%
2018/3/6,-0.007876252,"10,234.78","10,234.78","10,234.78","10,234.78",127.32M,-0.78%
2018/3/2,-0.001148074,"10,315.71","10,315.71","10,315.71","10,315.71",130.48M,-0.11%
2018/3/1,-0.006495403,"10,327.56","10,327.56","10,327.56","10,327.56",133.77M,-0.65%
2018/2/28,-0.025497424,"10,394.86","10,394.86","10,394.86","10,394.86",116.18M,-2.52%
2018/2/27,0.012538766,"10,663.31","10,663.31","10,663.31","10,663.31",102.34M,1.26%
2018/2/23,-0.002551242,"10,530.44","10,530.44","10,530.44","10,530.44",116.10M,-0.25%
2018/2/22,0.064687966,"10,557.34","10,557.34","10,557.34","10,557.34",86.13M,77.70%