TIME,DF,SM,GM,BM,FE
2018/2/22,"10,557.34","3,268.56","1,332.70",3.897,6.35
2018/2/23,"10,530.44","3,289.02","1,330.30",3.895,6.3373
2018/2/27,"10,663.31","3,329.57","1,332.80",3.896,6.316
2018/2/28,"10,394.86","3,292.07","1,318.60",3.887,6.317
2018/3/1,"10,327.56","3,259.41","1,317.90",3.874,6.3311
2018/3/2,"10,315.71","3,273.75","1,305.20",3.857,6.3582
2018/3/6,"10,234.78","3,254.53","1,323.40",3.853,6.3454
2018/3/7,"10,368.33","3,256.93","1,319.90",3.866,6.3495
2018/3/8,"10,454.48","3,289.64","1,335.20",3.863,6.3098
2018/3/9,"10,550.92","3,271.67","1,327.60",3.876,6.3255
2018/3/13,"10,806.34","3,288.41","1,321.70",3.865,6.3422
2018/3/14,"10,616.52","3,307.17","1,324.00",3.851,6.3325
2018/3/15,"10,680.09","3,326.70","1,320.80",3.85,6.33
2018/3/16,"10,864.69","3,310.24","1,327.10",3.848,6.3216
2018/3/20,"10,669.67","3,291.38","1,325.60",3.857,6.318
2018/3/21,"10,797.73","3,291.11","1,317.80",3.861,6.3221
2018/3/22,"10,686.75","3,269.88","1,312.30",3.863,6.335
2018/3/23,"10,181.10","3,279.25","1,317.80",3.858,6.3322
2018/3/27,"10,052.46","3,290.64","1,311.90",3.828,6.334
2018/3/28,"9,798.79","3,280.95","1,321.50",3.81,6.3232
2018/3/29,"9,551.68","3,263.48","1,327.40",3.804,6.335
2018/3/30,"9,652.18","3,152.76","1,349.90",3.769,6.316
2018/4/3,"9,456.97","3,133.72","1,355.00",3.762,6.2734
2018/4/4,"9,419.53","3,166.65","1,342.00",3.742,6.2831
2018/4/10,"9,478.80","3,122.29","1,324.20",3.773,6.2979
2018/4/11,"9,680.98","3,160.53","1,327.30",3.75,6.2898
2018/4/12,"9,627.47","3,168.90","1,346.90",3.77,6.2753
2018/4/13,"9,623.71","3,163.18","1,337.30",3.778,6.2805
2018/4/17,"9,432.89","3,136.63","1,340.20",3.747,6.2899
2018/4/18,"9,563.84","3,131.11","1,328.50",3.748,6.3052
2018/4/19,"9,617.24","3,138.29","1,336.10",3.745,6.3052
2018/4/20,"9,599.18","3,190.32","1,340.10",3.74,6.3052
2018/4/24,"9,373.25","3,208.08","1,345.90",3.74,6.307
2018/4/25,"9,262.42","3,180.16","1,360.00",3.75,6.2832
2018/4/26,"9,164.30","3,159.05","1,341.90",3.733,6.269
2018/4/27,"9,278.90","3,110.65","1,347.90",3.728,6.2915
2018/5/2,"9,587.81","3,066.80","1,350.70",3.748,6.275
2018/5/3,"9,614.86","3,091.40","1,349.50",3.735,6.2765
2018/5/4,"9,564.74","3,117.38","1,353.50",3.74,6.2826
2018/5/8,"9,829.70","3,071.54","1,348.80",3.718,6.2744
2018/5/9,"9,963.99","3,068.01","1,338.30",3.677,6.2791
2018/5/10,"9,930.94","3,128.93","1,324.00",3.607,6.2965
2018/5/11,"10,079.89","3,117.97","1,333.00",3.532,6.3171
2018/5/15,"10,163.80","3,075.03","1,322.80",3.54,6.3065
2018/5/16,"10,046.86","3,082.23","1,317.90",3.603,6.3266
2018/5/17,"10,155.53","3,081.18","1,323.40",3.597,6.3365
2018/5/18,"10,085.93","3,100.86","1,319.20",3.617,6.3332
2018/5/22,"9,759.01","3,091.03","1,306.80",3.64,6.3332
2018/5/23,"9,730.73","3,136.64","1,305.60",3.662,6.3332
2018/5/24,"9,795.47","3,161.50","1,312.70",3.653,6.3624
2018/5/25,"9,765.36","3,159.15","1,314.70",3.68,6.3537
2018/5/29,"9,846.57","3,174.41","1,314.10",3.672,6.3627
2018/5/30,"9,830.09","3,163.26","1,313.70",3.657,6.3667
2018/5/31,"9,796.52","3,174.03","1,313.00",3.658,6.3706
2018/6/1,"9,822.55","3,192.12","1,322.30",3.697,6.3624
2018/6/5,"10,347.52","3,169.57","1,320.70",3.715,6.3492
2018/6/6,"10,388.82","3,154.28","1,318.20",3.721,6.3341
2018/6/7,"10,446.76","3,193.30","1,290.30",3.71,6.3392
2018/6/8,"10,413.67","3,213.84","1,291.50",3.713,6.3778
2018/6/12,"10,522.58","3,214.35","1,289.40",3.723,6.3715
2018/6/13,"10,608.72","3,168.96","1,291.30",3.723,6.3671
2018/6/14,"10,551.74","3,154.65","1,290.90",3.731,6.38
2018/6/15,"10,693.74","3,141.30","1,292.00",3.722,6.3835
2018/6/19,"10,720.92","3,135.08","1,289.60",3.722,6.3675
2018/6/20,"10,497.92","3,120.46","1,304.40",3.722,6.3885
2018/6/21,"10,571.45","3,041.44","1,303.70",3.705,6.3783
2018/6/22,"10,412.58","3,095.47","1,299.00",3.702,6.3918
2018/6/26,"10,062.35","3,075.14","1,301.60",3.673,6.3993
2018/6/27,"10,130.54","3,091.19","1,306.50",3.685,6.4176
2018/6/28,"9,818.37","3,114.21","1,304.70",3.643,6.419
2018/6/29,"9,956.91","3,115.18","1,299.30",3.64,6.4103
2018/7/3,"10,133.30","3,109.50","1,297.30",3.621,6.4204
2018/7/4,"10,034.62","3,067.15","1,302.20",3.646,6.41
2018/7/5,"9,970.73","3,052.78","1,301.40",3.648,6.4061
2018/7/6,"9,966.15","3,079.80","1,303.00",3.667,6.3884
2018/7/10,"10,354.79","3,049.80","1,302.70",3.683,6.3921
2018/7/11,"10,216.28","3,044.16","1,303.20",3.693,6.4066
2018/7/12,"10,090.54","3,021.90","1,299.40",3.693,6.4017
2018/7/13,"10,351.40","2,907.82","1,301.30",3.688,6.4028
2018/7/17,"10,311.27","2,915.73","1,308.30",3.67,6.3984
2018/7/18,"10,341.67","2,875.81","1,278.50",3.688,6.4017
2018/7/19,"10,299.99","2,889.76","1,280.10",3.712,6.4394
2018/7/20,"10,129.58","2,859.34","1,278.60",3.68,6.4394
2018/7/24,"10,147.40","2,844.51","1,274.50",3.647,6.4852
2018/7/25,"10,195.77","2,813.18","1,270.50",3.61,6.4738
2018/7/26,"10,512.25","2,786.90","1,270.70",3.615,6.4932
2018/7/27,"10,308.04","2,847.42","1,268.90",3.603,6.5059
2018/7/31,"9,991.62","2,775.56","1,259.90",3.603,6.54
2018/8/1,"9,917.67","2,786.89","1,256.10",3.605,6.5793
2018/8/2,"9,777.36","2,759.13","1,251.00",3.603,6.6046
2018/8/3,"9,609.67","2,733.88","1,254.50",3.585,6.6271
2018/8/7,"9,661.54","2,747.23","1,241.70",3.566,6.621
2018/8/8,"9,697.11","2,815.11","1,253.50",3.543,6.668
2018/8/9,"9,562.61","2,827.63","1,258.80",3.488,6.6425
2018/8/10,"9,511.40","2,777.77","1,261.70",3.511,6.6325
2018/8/14,"9,355.11","2,837.66","1,255.80",3.522,6.6371
2018/8/15,"9,062.83","2,831.18","1,259.60",3.52,6.6435
2018/8/16,"8,835.72","2,814.04","1,255.40",3.54,6.6161
2018/8/17,"8,865.95","2,798.13","1,244.40",3.548,6.6298
2018/8/21,"9,196.53","2,787.26","1,246.60",3.556,6.6812
2018/8/22,"9,193.80","2,772.55","1,241.20",3.543,6.6677
2018/8/23,"9,246.70","2,829.27","1,239.70",3.535,6.6917
2018/8/24,"9,106.94","2,859.54","1,227.30",3.516,6.6911
2018/8/28,"9,430.08","2,905.56","1,227.90",3.511,6.7065
2018/8/29,"9,312.35","2,903.65","1,224.00",3.501,6.7196
2018/8/30,"9,287.95","2,882.23","1,231.10",3.499,6.7751
2018/8/31,"9,090.16","2,873.59","1,225.60",3.496,6.7709
2018/9/5,"8,901.49","2,869.05","1,225.50",3.508,6.7929
2018/9/6,"8,552.91","2,876.40","1,231.80",3.533,6.7914
2018/9/7,"8,469.98","2,824.53","1,225.70",3.561,6.7697
2018/9/11,"8,319.24","2,768.02","1,232.70",3.573,6.7927
2018/9/12,"8,335.42","2,740.44","1,231.50",3.557,6.8137
2018/9/13,"8,455.63","2,705.16","1,233.60",3.557,6.815
2018/9/14,"8,731.22","2,779.37","1,227.60",3.535,6.8127
2018/9/18,"8,477.56","2,744.07","1,220.10",3.533,6.8227
2018/9/19,"8,464.00","2,794.38","1,223.20",3.502,6.8428
2018/9/20,"8,734.20","2,795.31","1,217.70",3.487,6.8332
2018/9/21,"8,866.91","2,785.87","1,218.30",3.49,6.8535
2018/9/25,"8,703.18","2,780.96","1,221.00",3.472,6.8317
2018/9/26,"8,757.29","2,723.26","1,219.90",3.495,6.8357
2018/9/27,"8,870.08","2,705.19","1,219.00",3.526,6.821
2018/9/28,"8,900.75","2,668.97","1,198.90",3.555,6.8471
2018/10/9,"8,137.77","2,698.47","1,200.70",3.574,6.8912
2018/10/10,"8,042.56","2,733.83","1,185.00",3.596,6.8842
2018/10/11,"7,777.95","2,714.61","1,184.00",3.577,6.9347
2018/10/12,"7,674.41","2,724.62","1,184.20",3.589,6.8825
2018/10/16,"7,826.01","2,729.43","1,194.60",3.614,6.8775
2018/10/17,"7,931.07","2,780.90","1,200.00",3.656,6.8577
2018/10/18,"7,827.59","2,777.98","1,203.30",3.668,6.8472
2018/10/19,"7,606.71","2,769.29","1,194.00",3.674,6.8417
2018/10/23,"7,844.89","2,737.74","1,213.30",3.646,6.8777
2018/10/24,"7,645.84","2,725.25","1,216.00",3.624,6.807
2018/10/25,"7,312.80","2,720.73","1,214.40",3.638,6.8156
2018/10/26,"7,484.68","2,750.58","1,211.50",3.648,6.803
2018/10/30,"7,193.77","2,704.34","1,205.00",3.645,6.8213
2018/10/31,"7,210.60","2,691.59","1,206.70",3.632,6.8445
2018/11/1,"7,524.98","2,702.30","1,199.10",3.643,6.8315
2018/11/2,"8,021.81","2,669.48","1,196.60",3.6,6.8228
2018/11/6,"7,905.57","2,664.80","1,201.30",3.613,6.8442
2018/11/7,"7,961.49","2,656.11","1,204.30",3.629,6.8305
2018/11/8,"8,091.80","2,686.58","1,200.40",3.639,6.8355
2018/11/9,"7,819.29","2,681.64","1,199.80",3.631,6.8438
2018/11/13,"7,351.14","2,651.79","1,202.20",3.653,6.8556
2018/11/14,"7,502.66","2,699.95","1,210.90",3.67,6.873
2018/11/15,"7,601.08","2,730.85","1,208.20",3.688,6.8606
2018/11/16,"7,883.19","2,729.24","1,201.10",3.696,6.8447
2018/11/20,"7,674.12","2,797.48","1,205.80",3.683,6.869
2018/11/21,"7,458.68","2,781.14","1,202.90",3.675,6.857
2018/11/22,"7,729.37","2,806.81","1,208.30",3.663,6.8615
2018/11/23,"7,765.52","2,791.77","1,211.30",3.667,6.8483
2018/11/27,"7,732.87","2,821.35","1,201.30",3.689,6.8468
2018/11/28,"7,749.49","2,716.51","1,204.40",3.694,6.8571
2018/11/29,"7,941.26","2,721.01","1,205.10",3.713,6.8571
2018/11/30,"7,741.77","2,725.84","1,199.10",3.696,6.8665
2018/12/4,"8,169.25","2,583.46","1,187.40",3.681,6.8786
2018/12/5,"7,929.98","2,606.91","1,196.20",3.662,6.8902
2018/12/6,"7,851.23","2,568.10","1,191.70",3.653,6.8689
2018/12/7,"7,726.78","2,546.33","1,207.00",3.645,6.8689
2018/12/11,"7,607.46","2,561.61","1,202.90",3.655,6.8689
2018/12/12,"7,681.22","2,486.42","1,201.60",3.627,6.8689
2018/12/13,"7,810.61","2,550.47","1,205.60",3.648,6.8689
2018/12/14,"7,805.66","2,654.88","1,188.60",3.628,6.8689
2018/12/18,"7,466.24","2,594.83","1,191.50",3.62,6.9307
2018/12/19,"7,314.10","2,603.30","1,193.40",3.605,6.9228
2018/12/20,"7,150.49","2,603.80","1,227.60",3.617,6.9242
2018/12/21,"7,081.80","2,598.85","1,222.00",3.607,6.8899
2018/12/25,"7,055.14","2,542.10","1,230.30",3.596,6.9224
2018/12/26,"7,046.12","2,568.05","1,231.00",3.578,6.9168
2018/12/27,"7,216.13","2,602.78","1,227.40",3.583,6.912
2018/12/28,"7,257.42","2,606.24","1,230.10",3.593,6.9275
2019/1/2,"7,157.31","2,676.48","1,228.70",3.601,6.9376
2019/1/3,"7,096.48","2,665.43","1,224.60",3.57,6.9297
2019/1/4,"6,891.43","2,659.36","1,236.80",3.567,6.9474
2019/1/8,"7,384.54","2,641.34","1,231.10",3.552,6.9383
2019/1/9,"7,411.63","2,635.63","1,232.40",3.54,6.944
2019/1/10,"7,673.24","2,598.87","1,235.80",3.544,6.9489
2019/1/11,"7,645.74","2,630.52","1,227.60",3.533,6.9435
2019/1/15,"7,330.68","2,654.88","1,225.30",3.522,6.9619
2019/1/16,"7,467.73","2,632.24","1,215.00",3.551,6.9672
2019/1/17,"7,596.89","2,668.17","1,238.60",3.558,6.9756
2019/1/18,"7,602.56","2,679.11","1,233.30",3.542,6.9233
2019/1/22,"7,809.71","2,703.51","1,232.30",3.521,6.8907
2019/1/23,"7,577.48","2,645.85","1,226.30",3.51,6.9257
2019/1/24,"7,614.27","2,651.51","1,228.70",3.5,6.9195
2019/1/25,"7,668.05","2,645.43","1,225.10",3.496,6.92
2019/1/29,"7,830.32","2,579.48","1,208.60",3.502,6.9345
2019/1/30,"7,780.81","2,575.81","1,203.50",3.457,6.9567
2019/1/31,"7,947.74","2,574.68","1,201.40",3.427,6.9635
2019/2/1,"8,066.67","2,601.74","1,210.10",3.366,6.956
2019/2/12,"8,171.00","2,567.44","1,215.00",3.364,6.9505
2019/2/13,"8,273.49","2,588.19","1,223.00",3.365,6.9392
2019/2/14,"8,271.36","2,654.80","1,225.30",3.383,6.938
2019/2/15,"8,282.31","2,665.96","1,221.20",3.394,6.942
2019/2/19,"8,116.08","2,649.81","1,228.00",3.396,6.9452
2019/2/20,"8,187.47","2,605.18","1,223.20",3.403,6.927
2019/2/21,"8,242.46","2,605.89","1,226.60",3.42,6.932
2019/2/22,"8,170.05","2,584.58","1,222.40",3.425,6.9485
2019/2/26,"8,494.21","2,594.09","1,213.40",3.442,6.9407
2019/2/27,"8,409.42","2,602.15","1,223.60",3.408,6.9515
2019/2/28,"8,399.62","2,634.05","1,230.40",3.403,6.9539
2019/3/1,"8,404.40","2,593.74","1,226.00",3.398,6.9425
2019/3/5,"8,528.23","2,597.97","1,239.60",3.405,6.9605
2019/3/6,"8,742.89","2,576.65","1,246.60",3.38,6.8831
2019/3/7,"8,733.70","2,549.56","1,242.60",3.397,6.8373
2019/3/8,"8,462.32","2,536.27","1,243.60",3.345,6.8567
2019/3/12,"8,561.62","2,516.25","1,252.60",3.345,6.8827
2019/3/13,"8,526.10","2,527.01","1,249.40",3.329,6.8757
2019/3/14,"8,463.28","2,504.82","1,247.20",3.314,6.9117
2019/3/15,"8,377.55","2,498.29","1,250.00",3.324,6.9
2019/3/19,"8,665.01","2,483.09","1,247.40",3.309,6.88
2019/3/20,"8,626.91","2,493.90","1,241.40",3.299,6.8816
2019/3/21,"8,519.60","2,465.29","1,251.80",3.296,6.9077
2019/3/22,"8,491.25","2,464.36","1,253.60",3.34,6.8972
2019/3/26,"8,353.24","2,514.87","1,256.40",3.369,6.8951
2019/3/27,"8,328.57","2,533.09","1,267.90",3.402,6.8922
2019/3/28,"8,371.96","2,526.46","1,258.10",3.409,6.8851
2019/3/29,"8,415.58","2,544.34","1,271.80",3.381,6.9065
2019/4/2,"8,758.52","2,535.10","1,273.00",3.342,6.8991
2019/4/3,"8,732.42","2,553.83","1,281.10",3.355,6.8872
2019/4/4,"8,833.39","2,535.77","1,283.00",3.36,6.8854
2019/4/5,"8,826.59","2,570.34","1,281.30",3.357,6.8663
2019/4/9,"9,012.74","2,570.42","1,284.10",3.339,6.8785
2019/4/10,"8,992.63","2,559.64","1,294.80",3.299,6.8785
2019/4/11,"8,953.80","2,596.01","1,285.80",3.273,6.8785
2019/4/12,"8,872.85","2,610.51","1,289.90",3.27,6.862
2019/4/16,"8,807.31","2,579.70","1,285.90",3.203,6.872
2019/4/17,"8,895.73","2,581.00","1,292.00",3.191,6.8692
2019/4/18,"8,947.49","2,591.69","1,287.40",3.176,6.851
2019/4/19,"8,905.02","2,601.72","1,289.50",3.169,6.8532
2019/4/23,"8,890.06","2,596.98","1,291.30",3.148,6.8165
2019/4/24,"8,973.48","2,594.25","1,288.40",3.13,6.7885
2019/4/25,"8,934.86","2,575.58","1,293.80",3.14,6.763
2019/4/26,"8,867.40","2,584.57","1,292.30",3.138,6.7681
2019/4/30,"8,952.99","2,618.23","1,282.60",3.142,6.761
2019/5/1,"8,937.11","2,653.90","1,283.40",3.151,6.7568
2019/5/2,"8,937.11","2,671.89","1,285.80",3.113,6.7764
2019/5/7,"8,800.59","2,721.07","1,284.00",3.091,6.779
2019/5/8,"8,662.04","2,719.70","1,279.80",3.118,6.798
2019/5/9,"8,632.56","2,682.39","1,298.10",3.11,6.808
2019/5/10,"8,571.43","2,754.36","1,303.10",3.13,6.792
2019/5/14,"8,357.85","2,755.65","1,308.90",3.148,6.7885
2019/5/15,"8,466.90","2,761.22","1,315.50",3.146,6.7472
2019/5/16,"8,585.30","2,751.80","1,325.20",3.157,6.7453
2019/5/21,"7,865.55","2,804.23","1,322.10",3.159,6.7329
2019/5/22,"7,984.94","2,961.28","1,319.30",3.156,6.7165
2019/5/23,"7,873.41","2,941.52","1,319.20",3.144,6.7008
2019/5/24,"7,628.44","2,953.82","1,314.40",3.13,6.7448
2019/5/28,"7,595.05","2,940.95","1,314.20",3.145,6.7448
2019/5/29,"7,615.55","2,994.01","1,318.50",3.135,6.7448
2019/5/30,"7,551.04","3,027.58","1,311.90",3.15,6.7448
2019/5/31,"7,553.77","3,054.25","1,314.00",3.09,6.7448
2019/6/4,"7,485.04","3,102.10","1,315.10",3.093,6.7448
2019/6/5,"7,567.32","3,106.42","1,313.90",3.093,6.7923
2019/6/6,"7,506.63","2,969.86","1,322.10",3.095,6.774
2019/6/11,"7,825.78","3,026.99","1,344.80",3.09,6.7604
2019/6/12,"7,957.99","3,060.31","1,344.80",3.115,6.7721
2019/6/13,"7,826.71","3,026.95","1,347.90",3.134,6.773
2019/6/14,"7,825.91","2,990.68","1,327.80",3.145,6.7667
2019/6/18,"7,750.08","3,021.75","1,332.80",3.143,6.7587
2019/6/19,"7,951.18","3,096.42","1,329.50",3.148,6.7212
2019/6/20,"8,053.70","3,090.97","1,328.50",3.178,6.7197
2019/6/21,"8,171.15","3,090.64","1,321.20",3.21,6.7142
2019/6/25,"8,119.52","3,101.45","1,316.10",3.187,6.6894
2019/6/26,"7,979.38","3,104.15","1,299.20",3.208,6.7002
2019/6/27,"8,112.30","3,043.03","1,287.50",3.195,6.6872
2019/6/28,"8,239.35","2,997.10","1,284.70",3.213,6.6942
2019/7/2,"8,348.26","3,022.72","1,287.60",3.228,6.7064
2019/7/3,"8,418.23","2,994.94","1,286.10",3.224,6.7073
2019/7/4,"8,392.17","3,090.76","1,299.30",3.187,6.7076
2019/7/5,"8,404.39","3,170.36","1,291.10",3.159,6.7119
2019/7/9,"8,163.60","3,176.82","1,298.10",3.17,6.7149
2019/7/10,"8,191.21","3,216.30","1,309.30",3.163,6.7216
2019/7/11,"8,188.91","3,246.57","1,295.10",3.159,6.7265
2019/7/12,"8,138.92","3,244.81","1,302.90",3.164,6.7085
2019/7/16,"8,266.89","3,239.66","1,301.50",3.155,6.7071
2019/7/17,"8,278.51","3,241.93","1,306.50",3.153,6.723
2019/7/18,"8,284.42","3,189.96","1,301.70",3.158,6.7138
2019/7/19,"8,176.44","3,188.63","1,307.30",3.154,6.7131
2019/7/23,"8,200.96","3,177.79","1,312.30",3.163,6.7119
2019/7/24,"8,347.98","3,253.60","1,322.60",3.138,6.6946
2019/7/25,"8,433.90","3,263.12","1,315.00",3.114,6.6992
2019/7/26,"8,391.40","3,250.20","1,310.40",3.086,6.7181
2019/7/30,"8,344.91","3,270.80","1,295.30",3.097,6.7094
2019/7/31,"8,289.17","3,215.04","1,298.50",3.089,6.7157
2019/8/1,"8,209.97","3,198.59","1,294.20",3.075,6.7271
2019/8/2,"8,068.82","3,201.61","1,295.40",3.132,6.7391
2019/8/6,"7,505.61","3,123.83","1,295.30",3.168,6.712
2019/8/7,"7,587.04","3,086.40","1,294.30",3.242,6.7115
2019/8/8,"7,665.07","3,062.50","1,295.60",3.268,6.7233
2019/8/9,"7,820.89","3,078.34","1,301.90",3.287,6.7114
2019/8/13,"7,708.32","2,906.46","1,308.30",3.292,6.7174
2019/8/14,"7,855.70","2,926.39","1,313.90",3.319,6.719
2019/8/15,"7,813.40","2,893.76","1,293.30",3.293,6.7164
2019/8/16,"7,839.07","2,850.95","1,295.20",3.331,6.7119
2019/8/20,"8,269.01","2,939.21","1,291.30",3.375,6.7159
2019/8/21,"8,237.84","2,903.71","1,277.20",3.404,6.7194
2019/8/22,"8,214.98","2,883.61","1,276.80",3.427,6.7044
2019/8/23,"8,109.17","2,938.68","1,276.00",3.386,6.7087
2019/8/27,"8,005.95","2,955.71","1,277.60",3.39,6.7121
2019/8/28,"8,039.94","2,882.30","1,273.20",3.419,6.6882
2019/8/29,"8,029.79","2,870.60","1,279.40",3.434,6.709
2019/8/30,"8,174.12","2,905.97","1,279.70",3.435,6.7042
2019/9/3,"8,288.54","2,891.70","1,288.80",3.433,6.712
2019/9/4,"8,189.75","2,852.52","1,281.50",3.421,6.7259
2019/9/5,"8,333.50","2,852.99","1,285.70",3.415,6.7219
2019/9/6,"8,473.10","2,892.38","1,284.20",3.43,6.7431
2019/9/10,"8,498.21","2,909.91","1,272.00",3.416,6.7298
2019/9/11,"8,421.18","2,914.70","1,281.30",3.405,6.7336
2019/9/12,"8,551.31","2,905.81","1,283.80",3.378,6.7349
2019/9/17,"8,537.56","2,898.70","1,285.60",3.364,6.7349
2019/9/18,"8,555.87","2,890.08","1,281.40",3.355,6.7346
2019/9/19,"8,566.22","2,862.28","1,285.20",3.33,6.7346
2019/9/20,"8,538.30","2,861.42","1,287.40",3.314,6.7645
2019/9/24,"8,390.02","2,827.80","1,301.80",3.315,6.7769
2019/9/25,"8,219.08","2,852.13","1,296.30",3.296,6.7828
2019/9/26,"8,305.58","2,925.72","1,297.80",3.32,6.8274
2019/9/27,"8,307.08","2,909.38","1,286.20",3.289,6.824
2019/10/8,"8,105.91","2,910.74","1,275.70",3.283,6.8784
2019/10/9,"7,970.80","2,881.97","1,277.30",3.298,6.876
2019/10/10,"8,010.62","2,887.62","1,273.20",3.308,6.8761
2019/10/11,"8,082.19","2,890.16","1,274.20",3.317,6.8838
2019/10/15,"8,285.37","2,917.80","1,285.40",3.339,6.9186
2019/10/16,"8,430.33","2,987.12","1,283.60",3.333,6.9123
2019/10/17,"8,504.33","3,001.98","1,277.10",3.35,6.9023
2019/10/18,"8,493.27","3,008.15","1,280.10",3.358,6.9064
2019/10/22,"8,402.11","2,982.07","1,281.00",3.328,6.9105
2019/10/23,"8,291.05","2,976.28","1,292.40",3.323,6.9002
2019/10/24,"8,243.93","2,996.79","1,311.10",3.297,6.8979
2019/10/25,"8,363.17","2,978.88","1,327.90",3.288,6.9101
2019/10/29,"8,589.43","3,044.90","1,328.70",3.259,6.9145
2019/10/30,"8,463.29","3,043.94","1,333.60",3.247,6.9019
2019/10/31,"8,488.19","3,015.26","1,342.70",3.263,6.905
2019/11/1,"8,485.35","3,005.25","1,346.10",3.273,6.9038
2019/11/5,"8,749.35","3,011.06","1,329.30",3.286,6.9083
2019/11/6,"8,783.24","2,933.36","1,331.20",3.302,6.9091
2019/11/7,"8,769.00","2,928.23","1,336.80",3.29,6.9097
2019/11/8,"8,918.10","2,915.30","1,343.70",3.279,6.9097
2019/11/12,"8,764.78","2,917.76","1,344.50",3.267,6.931
2019/11/13,"8,838.88","2,930.55","1,342.90",3.259,6.9114
2019/11/14,"8,707.75","2,942.19","1,350.70",3.255,6.9177
2019/11/15,"8,615.40","2,937.62","1,348.80",3.277,6.9216
2019/11/19,"8,713.13","2,931.69","1,396.90",3.25,6.9255
2019/11/20,"8,747.97","2,901.18","1,400.10",3.266,6.9258
2019/11/21,"8,623.69","2,924.20","1,418.20",3.271,6.9032
2019/11/22,"8,612.13","2,886.97","1,418.70",3.278,6.9036
2019/11/26,"8,941.78","2,899.94","1,415.40",3.282,6.852
2019/11/27,"8,994.31","2,923.28","1,412.00",3.279,6.87
2019/11/28,"9,127.36","2,937.36","1,413.70",3.262,6.877
2019/11/29,"9,152.13","2,944.54","1,389.30",3.229,6.8798
2019/12/3,"8,997.28","2,941.01","1,408.00",3.193,6.88
2019/12/4,"8,928.74","2,952.34","1,420.90",3.176,6.8771
2019/12/5,"8,868.75","2,932.51","1,400.10",3.188,6.8668
2019/12/6,"9,057.20","2,908.77","1,403.40",3.195,6.8517
2019/12/10,"9,070.20","2,867.84","1,400.00",3.192,6.8729
2019/12/11,"9,085.05","2,821.50","1,400.50",3.187,6.8811
2019/12/12,"9,186.74","2,777.56","1,412.50",3.178,6.8715
2019/12/13,"9,267.72","2,768.68","1,406.70",3.189,6.8936
2019/12/17,"9,388.56","2,794.55","1,412.20",3.187,6.8819
2019/12/18,"9,541.37","2,774.75","1,413.50",3.188,6.888
2019/12/19,"9,618.28","2,814.99","1,411.20",3.194,6.8729
2019/12/20,"9,618.54","2,797.26","1,423.30",3.191,6.8702
2019/12/24,"9,732.80","2,808.91","1,428.10",3.173,6.8808
2019/12/25,"9,728.98","2,815.80","1,426.70",3.157,6.8777
2019/12/26,"9,720.25","2,823.82","1,426.90",3.162,6.8763
2019/12/27,"9,729.64","2,883.10","1,421.70",3.178,6.8736
2019/12/31,"9,699.18","2,880.00","1,423.60",3.182,6.8801
2020/1/1,"9,610.05","2,880.33","1,414.70",3.175,6.8821
2020/1/2,"9,610.05","2,883.44","1,419.30",3.205,6.8811
2020/1/3,"9,974.19","2,897.43","1,420.40",3.196,6.8792
2020/1/7,"9,929.75","2,863.57","1,441.80",3.183,6.8725
2020/1/8,"10,054.19","2,902.19","1,437.80",3.168,6.8726
2020/1/9,"9,988.34","2,893.76","1,432.40",3.139,6.8792
2020/1/10,"10,171.10","2,890.92","1,457.50",3.1,6.8934
2020/1/14,"10,502.37","2,886.24","1,476.50",3.066,6.8845
2020/1/15,"10,322.36","2,924.11","1,484.20",3.078,6.8841
2020/1/16,"10,278.01","2,930.15","1,519.60",3.073,6.8986
2020/1/17,"10,267.03","2,957.41","1,509.50",3.051,6.9405
2020/1/21,"9,973.54","2,985.86","1,508.50",3.039,7.0508
2020/1/22,"9,973.54","2,999.60","1,517.20",3.047,7.0265
2020/1/23,"10,035.26","3,024.74","1,514.10",3.023,7.0602
2020/2/4,"9,709.19","3,021.20","1,527.80",3.028,7.0451
2020/2/5,"10,129.02","3,008.81","1,531.20",3.027,7.0624
2020/2/6,"10,042.05","3,031.24","1,523.60",3.03,7.0582
2020/2/7,"10,220.44","3,030.75","1,511.60",3.041,7.0435
2020/2/11,"10,086.40","2,978.12","1,515.70",3.038,7.0244
2020/2/12,"10,247.24","2,985.66","1,515.70",3.062,7.034
2020/2/13,"10,418.63","2,999.28","1,508.50",3.077,7.0428
2020/2/14,"10,389.10","3,006.45","1,537.60",3.07,7.0507
2020/2/18,"10,370.12","2,977.08","1,537.20",3.081,7.0605
2020/2/19,"10,284.88","2,985.34","1,551.80",3.075,7.0632
2020/2/20,"10,418.32","2,955.43","1,549.10",3.07,7.0837
2020/2/21,"10,310.49","2,929.09","1,536.90",3.049,7.096
2020/2/25,"9,834.97","2,932.17","1,529.40",3.068,7.1512
2020/2/26,"9,900.78","2,905.19","1,555.90",3.078,7.1623
2020/2/27,"9,934.87","2,913.57","1,552.80",3.077,7.1653
2020/2/28,"9,819.58","2,924.86","1,560.40",3.081,7.1445
2020/3/2,"9,687.32","2,947.71","1,525.50",3.047,7.1568
2020/3/3,"9,839.97","2,973.66","1,515.50",3.023,7.1719
2020/3/4,"9,743.24","3,007.88","1,511.10",3.037,7.1789
2020/3/5,"9,897.94","2,991.05","1,499.20",3.052,7.146
2020/3/6,"10,016.81","2,978.71","1,503.20",3.06,7.1485
2020/3/10,"9,279.11","2,977.33","1,507.40",3.094,7.1157
2020/3/11,"9,576.06","2,938.14","1,499.50",3.108,7.122
2020/3/12,"9,371.50","2,939.62","1,511.50",3.117,7.1127
2020/3/13,"8,827.69","2,954.38","1,513.40",3.136,7.1167
2020/3/17,"8,357.56","2,941.62","1,515.80",3.137,7.0793
2020/3/18,"8,634.39","2,940.92","1,506.20",3.118,7.0794
2020/3/19,"8,285.96","2,954.93","1,515.10",3.118,7.0674
2020/3/20,"8,435.32","2,980.05","1,531.50",3.112,7.0918
2020/3/24,"8,550.59","2,954.18","1,540.20",3.127,7.086
2020/3/25,"9,040.51","2,939.32","1,512.30",3.141,7.0966
2020/3/26,"9,236.07","2,929.06","1,515.20",3.145,7.0916
2020/3/27,"9,398.30","2,958.20","1,506.40",3.158,7.1185
2020/3/31,"9,126.69","2,975.49","1,472.90",3.163,7.1164
2020/4/1,"9,345.97","2,991.56","1,489.00",3.155,7.1318
2020/4/2,"9,156.16","2,978.60","1,507.90",3.139,7.1326
2020/4/3,"9,267.31","2,978.71","1,513.80",3.119,7.1227
2020/4/6,"9,179.42","2,964.18","1,512.90",3.141,7.1484
2020/4/7,"9,493.88","2,909.97","1,504.40",3.163,7.1484
2020/4/8,"9,604.13","2,914.82","1,503.90",3.173,7.1484
2020/4/9,"9,408.70","2,905.24","1,512.80",3.194,7.1484
2020/4/10,"9,515.05","2,909.87","1,500.90",3.181,7.1484
2020/4/15,"9,723.37","2,891.34","1,488.70",3.189,7.1484
2020/4/16,"9,792.96","2,909.20","1,497.60",3.189,7.1444
2020/4/17,"10,086.91","2,933.99","1,483.50",3.193,7.1324
2020/4/21,"10,102.85","2,911.05","1,494.00",3.215,7.1163
2020/4/22,"9,899.83","2,903.64","1,498.30",3.233,7.088
2020/4/23,"10,097.50","2,885.29","1,494.10",3.234,7.0675
2020/4/24,"9,986.89","2,906.17","1,488.10",3.234,7.0817
2020/4/28,"10,017.54","2,907.06","1,487.50",3.255,7.0936
2020/4/29,"9,954.27","2,903.19","1,495.70",3.287,7.0774
2020/4/30,"10,123.88","2,889.69","1,504.70",3.317,7.0817
2020/5/1,"10,011.10","2,871.98","1,505.30",3.325,7.0762
2020/5/4,"9,734.34","2,875.81","1,495.80",3.281,7.0769
2020/5/5,"9,533.59","2,884.70","1,490.70",3.283,7.0656
2020/5/6,"9,721.83","2,878.12","1,496.70",3.299,7.069
2020/5/7,"9,821.16","2,899.47","1,514.80",3.283,7.0654
2020/5/8,"9,909.84","2,912.01","1,511.40",3.269,7.0678
2020/5/12,"10,360.06","2,914.48","1,511.10",3.278,7.0657
2020/5/13,"10,310.19","2,917.32","1,483.70",3.29,7.0553
2020/5/14,"10,329.32","2,924.42","1,493.10",3.254,7.0395
2020/5/15,"10,416.06","2,915.70","1,466.40",3.257,7.0375
2020/5/19,"10,815.01","2,967.68","1,462.90",3.261,7.0304
2020/5/20,"10,912.93","2,984.39","1,457.10",3.265,7.0097
2020/5/21,"10,967.49","3,022.42","1,453.70",3.263,6.9982
2020/5/22,"10,793.72","3,017.04","1,463.30",3.223,6.9784
2020/5/26,"10,409.60","3,017.07","1,473.40",3.231,6.9961
2020/5/27,"10,736.43","3,004.94","1,468.50",3.199,7.0106
2020/5/28,"10,574.77","2,962.75","1,471.90",3.173,7.0078
2020/5/29,"10,432.95","2,982.68","1,474.30",3.188,7.0235
2020/6/2,"11,002.10","2,981.88","1,474.20",3.204,7.0208
2020/6/3,"11,153.23","3,007.35","1,463.60",3.208,7.0083
2020/6/4,"11,371.36","3,005.04","1,463.60",3.206,7.026
2020/6/5,"11,382.75","3,040.02","1,456.90",3.201,7.0276
2020/6/9,"11,399.37","3,050.12","1,460.30",3.192,7.0359
2020/6/10,"11,388.22","3,085.20","1,453.40",3.216,7.0293
2020/6/11,"11,664.01","3,083.79","1,472.70",3.243,7.04
2020/6/12,"11,388.67","3,083.41","1,472.70",3.198,7.0364
2020/6/16,"11,500.57","3,104.80","1,469.20",3.207,7.0335
2020/6/17,"11,825.88","3,066.89","1,484.40",3.212,7.029
2020/6/18,"11,967.96","3,094.88","1,480.20",3.208,7.0353
2020/6/19,"12,034.79","3,092.29","1,483.10",3.223,7.0324
2020/6/23,"12,126.67","3,115.57","1,465.10",3.208,7.0393
2020/6/24,"12,502.03","3,106.82","1,464.90",3.194,7.0613
2020/6/25,"12,372.79","3,090.04","1,468.10",3.203,7.0499
2020/6/26,"12,345.43","3,074.08","1,475.00",3.217,7.0448
2020/6/30,"12,176.21","3,075.50","1,472.30",3.235,7.035
2020/7/1,"12,280.73","3,095.79","1,481.20",3.252,7.0393
2020/7/2,"12,271.20","3,052.14","1,480.50",3.249,7.0342
2020/7/3,"12,713.58","3,060.75","1,480.60",3.247,7.0388
2020/7/7,"13,164.03","2,976.53","1,478.70",3.212,6.9849
2020/7/8,"12,943.06","2,746.61","1,484.40",3.198,6.9895
2020/7/9,"13,687.99","2,783.29","1,480.90",3.188,6.9935
2020/7/10,"14,046.36","2,818.09","1,488.70",3.15,6.9972
2020/7/14,"13,518.27","2,866.51","1,504.80",3.171,7.005
2020/7/15,"13,228.32","2,875.96","1,514.40",3.177,7.0104
2020/7/16,"13,404.33","2,890.49","1,518.10",3.173,7.0068
2020/7/17,"12,836.41","2,901.67","1,518.60",3.185,7.0128
2020/7/20,"13,049.89","2,926.90","1,523.10",3.193,7.0075
2020/7/21,"13,226.89","2,906.07","1,528.10",3.178,6.9894
2020/7/22,"13,737.37","2,917.01","1,552.40",3.18,6.9965
2020/7/23,"13,255.73","2,983.62","1,568.80",3.168,6.9958
2020/7/24,"13,399.01","2,984.97","1,574.30",3.159,6.9867
2020/7/27,"13,034.23","2,975.40","1,560.20",3.136,6.9632
2020/7/28,"13,058.27","3,030.15","1,554.30",3.147,6.9632
2020/7/29,"13,226.02","3,039.67","1,560.10",3.146,6.9643
2020/7/30,"13,333.45","3,031.23","1,550.60",3.141,6.9655
2020/7/31,"13,281.64","3,013.05","1,544.60",3.143,6.976
2020/8/3,"13,317.57","2,987.93","1,554.00",3.149,6.9452
2020/8/4,"13,642.00","2,991.33","1,550.50",3.132,6.9462
2020/8/5,"13,904.38","2,880.30","1,560.30",3.129,6.9318
2020/8/6,"14,102.54","2,970.93","1,557.90",3.096,6.9192
2020/8/7,"13,996.95","2,992.90","1,560.80",3.053,6.8938
2020/8/10,"13,409.40","3,011.67","1,556.70",3.05,6.8841
2020/8/11,"13,142.86","3,071.68","1,565.40",2.86,6.8909
2020/8/12,"13,201.12","3,034.51","1,571.90",2.89,6.8789
2020/8/13,"13,374.08","2,943.29","1,577.40",2.913,6.8598
2020/8/14,"13,200.05","2,996.76","1,569.80",2.888,6.8668
2020/8/17,"13,113.82","2,968.52","1,570.40",2.868,6.9058
2020/8/18,"13,269.96","2,923.49","1,589.20",2.82,6.9066
2020/8/19,"13,545.19","2,887.43","1,587.90",2.858,6.9367
2020/8/20,"13,446.98","2,789.25","1,582.40",2.88,6.9367
2020/8/21,"13,481.49","2,779.64","1,555.50",2.878,6.9367
2020/8/24,"13,643.71","2,728.76","1,562.80",2.901,6.9367
2020/8/25,"14,217.88","2,702.13","1,570.00",2.93,6.9367
2020/8/26,"14,378.66","2,745.62","1,573.40",2.916,6.9367
2020/8/27,"14,545.98","2,660.17","1,579.50",2.929,6.9367
2020/8/28,"14,511.15","2,722.44","1,570.10",2.938,7.0215
2020/8/31,"14,449.53","2,781.59","1,571.60",2.936,6.9985
2020/9/1,"14,138.63","2,764.91","1,578.80",2.871,6.9738
2020/9/2,"14,537.73","2,772.20","1,586.40",2.872,6.9708
2020/9/3,"14,573.46","2,747.21","1,603.60",2.877,7.0015
2020/9/4,"14,060.59","2,750.30","1,603.60",2.863,6.9844
2020/9/7,"13,923.40","2,734.52","1,611.80",2.798,6.966
2020/9/8,"13,775.02","2,780.64","1,620.50",2.787,6.9719
2020/9/9,"13,371.29","2,763.99","1,648.80",2.815,6.977
2020/9/10,"13,402.28","2,820.76","1,676.60",2.766,6.9869
2020/9/11,"13,247.30","2,815.37","1,650.00",2.739,6.9813
2020/9/14,"13,483.88","2,825.90","1,643.10",2.681,6.9971
2020/9/15,"13,723.22","2,796.63","1,642.50",2.595,6.9982
2020/9/16,"13,772.20","2,783.05","1,566.70",2.673,7.0229
2020/9/17,"13,756.21","2,827.28","1,594.80",2.693,7.0271
2020/9/18,"13,523.94","2,811.17","1,644.40",2.678,7.0294
2020/9/21,"13,458.39","2,819.93","1,643.00",2.721,7.0135
2020/9/22,"13,346.21","2,838.49","1,668.00",2.74,7.0225
2020/9/23,"13,384.70","2,852.55","1,672.40",2.753,7.0045
2020/9/24,"13,406.33","2,827.01","1,675.70",2.782,6.9919
2020/9/25,"13,178.95","2,843.98","1,660.30",2.791,6.961
2020/9/28,"13,181.83","2,838.50","1,642.30",2.754,6.962
2020/9/29,"13,402.30","2,808.53","1,590.30",2.721,6.9262
2020/9/30,"13,349.31","2,815.49","1,516.70",2.714,6.9373
2020/10/1,"13,705.74","2,810.02","1,486.50",2.718,6.9321
2020/10/2,"13,690.09","2,822.44","1,525.80",2.692,6.9466
2020/10/5,"13,568.62","2,860.08","1,477.90",2.674,6.9564
2020/10/6,"13,735.27","2,878.14","1,479.30",2.697,6.9605
2020/10/7,"13,955.73","2,871.52","1,484.60",2.663,7.0295
2020/10/8,"14,177.45","2,895.34","1,567.60",2.652,7.0086
2020/10/9,"14,216.36","2,894.80","1,660.80",2.678,6.9933
2020/10/12,"14,289.60","2,891.56","1,633.40",2.608,7.0079
2020/10/13,"14,514.23","2,898.05","1,651.20",2.618,7.0474
2020/10/14,"14,552.65","2,870.34","1,654.10",2.534,7.1082
2020/10/15,"14,619.87","2,868.46","1,643.20",2.515,7.096
2020/10/16,"14,297.05","2,875.42","1,596.60",2.523,7.0926
2020/10/19,"14,491.64","2,898.58","1,591.40",2.537,7.0631
2020/10/20,"14,324.16","2,883.74","1,637.70",2.568,7.1148
2020/10/21,"14,474.30","2,867.92","1,645.70",2.564,7.0735
2020/10/22,"14,462.39","2,813.77","1,693.90",2.551,7.0962
2020/10/23,"14,318.65","2,817.97","1,683.70",2.537,7.1003
2020/10/26,"14,313.89","2,846.55","1,684.30",2.552,7.0825
2020/10/27,"14,268.86","2,836.80","1,752.80",2.579,7.1001
2020/10/28,"14,699.83","2,846.22","1,761.40",2.586,7.084
2020/10/29,"14,775.66","2,852.35","1,768.90",2.568,7.0927
2020/10/30,"15,066.67","2,915.43","1,740.20",2.527,7.0927
2020/11/2,"14,726.85","2,921.40","1,731.70",2.512,7.0458
2020/11/3,"14,905.07","2,923.37","1,698.80",2.507,7.066
2020/11/4,"14,548.63","2,919.25","1,711.20",2.521,7.0432
2020/11/5,"15,018.08","2,930.80","1,687.80",2.518,7.036
2020/11/6,"15,347.66","2,937.77","1,738.30",2.503,7.0526
2020/11/9,"15,344.72","2,956.11","1,745.40",2.51,7.0486
2020/11/10,"15,153.60","2,943.75","1,735.60",2.525,7.0677
2020/11/11,"14,220.19","2,920.90","1,723.80",2.525,7.0798
2020/11/12,"13,795.15","2,919.74","1,722.20",2.555,7.0731
2020/11/13,"14,273.21","2,890.03","1,713.40",2.593,7.0736
2020/11/16,"14,738.83","2,931.75","1,694.20",2.627,7.092
2020/11/17,"14,612.56","2,935.87","1,700.90",2.628,7.0842
2020/11/18,"14,196.67","2,939.32","1,713.30",2.664,7.0667
2020/11/19,"14,094.61","2,967.63","1,710.60",2.658,7.0819
2020/11/20,"14,067.56","2,965.27","1,688.50",2.68,7.0865
2020/11/23,"14,536.51","2,970.62","1,725.80",2.705,7.0796
2020/11/24,"14,539.34","2,979.55","1,713.90",2.669,7.0768
2020/11/25,"14,722.35","2,961.52","1,698.00",2.701,7.0622
2020/11/26,"14,436.40","2,984.67","1,706.80",2.721,7.0622
2020/11/27,"14,627.10","3,025.98","1,716.40",2.695,7.0622
2020/11/30,"14,697.58","3,090.57","1,740.90",2.683,7.0622
2020/12/1,"14,153.68","3,152.81","1,756.30",2.605,7.1046
2020/12/2,"14,276.47","3,332.88","1,734.40",2.644,7.0843
2020/12/3,"14,049.45","3,345.34","1,745.60",2.7,7.0742
2020/12/4,"14,289.34","3,403.44","1,752.10",2.709,7.0992
2020/12/7,"14,342.41","3,450.59","1,721.90",2.7,7.0829
2020/12/8,"14,197.83","3,383.32","1,735.50",2.707,7.0922
2020/12/9,"14,343.24","3,443.29","1,705.60",2.726,7.0959
2020/12/10,"14,284.40","3,414.62","1,717.30",2.778,7.1021
2020/12/11,"14,350.93","3,361.30","1,710.70",2.821,7.1097
2020/12/14,"14,398.55","3,210.10","1,728.30",2.853,7.0992
2020/12/15,"14,071.15","3,214.13","1,751.70",2.871,7.0935
2020/12/16,"14,004.96","3,314.15","1,750.30",2.855,7.1153
2020/12/17,"14,254.11","3,320.89","1,734.00",2.846,7.1304
2020/12/18,"14,464.72","3,333.16","1,704.80",2.854,7.1368
2020/12/21,"14,352.78","3,325.11","1,727.40",2.803,7.135
2020/12/22,"14,318.51","3,196.77","1,683.00",2.793,7.1696
2020/12/23,"14,179.60","3,205.23","1,705.10",2.8,7.1463
2020/12/24,"14,356.82","3,227.96","1,721.90",2.863,7.1372
2020/12/25,"13,627.61","3,294.55","1,720.70",2.887,7.1278
2020/12/28,"13,621.40","3,286.82","1,739.80",2.901,7.1014
2020/12/29,"13,097.08","3,310.01","1,737.30",2.905,7.1158
2020/12/30,"13,707.32","3,367.97","1,727.20",2.921,7.1103
2020/12/31,"14,235.90","3,371.69","1,736.50",2.947,7.082
2021/1/1,"14,150.96","3,377.56","1,735.60",2.915,7.0716
2021/1/4,"14,150.96","3,386.46","1,731.10",2.893,7.0773
2021/1/5,"14,110.25","3,354.04","1,753.00",2.898,7.061
2021/1/6,"14,489.55","3,379.25","1,766.40",2.895,7.065
2021/1/7,"14,250.12","3,340.29","1,782.00",2.888,7.0834
2021/1/8,"14,047.66","3,319.27","1,775.10",2.89,7.0909
2021/1/11,"14,494.63","3,320.73","1,770.60",2.923,7.0865
2021/1/12,"14,316.91","3,360.10","1,780.30",3.05,7.0855
2021/1/13,"14,314.07","3,438.80","1,781.20",3.08,7.0894
2021/1/14,"14,398.39","3,451.09","1,800.50",3.11,7.0723
2021/1/15,"14,890.92","3,408.13","1,779.90",3.178,7.0684
2021/1/18,"14,829.35","3,363.90","1,790.00",3.118,7.059
2021/1/19,"15,064.62","3,380.68","1,793.50",3.134,7.0782
2021/1/20,"15,473.76","3,385.64","1,799.00",3.147,7.0782
2021/1/21,"16,200.26","3,373.58","1,809.90",3.12,7.0782
2021/1/22,"16,130.31","3,329.74","1,820.60",3.069,7.0811
2021/1/25,"16,177.33","3,350.11","1,803.80",3.04,7.0655
2021/1/26,"17,046.68","3,403.81","1,801.90",3.047,7.0712
2021/1/27,"16,573.70","3,395.68","1,814.10",2.971,7.067
2021/1/28,"16,097.85","3,410.61","1,813.40",2.95,7.0663
2021/1/29,"15,911.95","3,404.80","1,813.80",2.93,7.0188
2021/2/1,"15,691.78","3,384.98","1,800.30",2.916,7.014
2021/2/2,"16,380.01","3,355.37","1,810.00",2.895,7.0046
2021/2/3,"16,546.45","3,292.59","1,817.40",2.905,6.9942
2021/2/4,"16,901.13","3,316.42","1,843.90",2.928,7.0018
2021/2/5,"16,919.83","3,254.63","1,865.10",2.952,6.9974
2021/2/8,"16,958.83","3,234.82","1,890.00",2.947,7.0075
2021/2/9,"16,926.75","3,260.35","1,897.50",2.973,6.9889
2021/2/10,"17,154.43","3,278.81","1,931.00",2.963,6.9893
2021/2/11,"17,543.84","3,295.68","1,944.60",2.958,6.9924
2021/2/12,"17,681.88","3,283.92","1,953.40",2.972,6.9838
2021/2/15,"17,665.19","3,270.44","1,966.80",2.981,6.9808
2021/2/16,"17,665.19","3,338.09","1,985.90",2.995,7.0002
2021/2/17,"17,773.28","3,316.94","1,986.30",2.99,7.004
2021/2/18,"17,889.93","3,274.30","2,021.00",2.973,7.0169
2021/2/19,"17,490.39","3,279.71","2,049.30",2.978,6.9964
2021/2/22,"17,626.66","3,223.18","2,069.40",2.968,7.0008
2021/2/23,"16,893.04","3,219.42","2,028.00",2.957,7.0018
2021/2/24,"16,701.09","3,217.53","2,039.70",2.943,7.0088
2021/2/25,"16,169.40","3,224.36","1,946.30",2.977,6.9752
2021/2/26,"15,930.72","3,218.05","1,949.00",3.009,6.9809
2021/3/1,"15,457.63","3,272.08","1,970.40",3.003,6.9734
2021/3/2,"16,129.28","3,358.47","1,949.80",3.005,6.9367
2021/3/3,"15,906.59","3,359.75","1,998.70",3.003,6.9535
2021/3/4,"15,969.81","3,340.78","2,013.10",3.05,6.968
2021/3/5,"15,256.52","3,332.18","1,970.30",3.059,6.9619
2021/3/8,"15,190.55","3,336.36","1,946.50",3.067,6.9463
2021/3/9,"14,219.62","3,312.67","1,947.00",3.083,6.9371
2021/3/10,"14,835.34","3,328.10","1,939.20",3.053,6.9451
2021/3/11,"14,778.20","3,325.02","1,923.10",3.045,6.9504
2021/3/12,"15,406.90","3,312.50","1,952.50",3.097,6.9329
2021/3/15,"14,916.89","3,278.00","1,932.60",3.13,6.9218
2021/3/16,"14,695.36","3,251.12","1,974.90",3.128,6.9207
2021/3/17,"14,852.81","3,254.32","1,978.60",3.175,6.9158
2021/3/18,"14,872.62","3,269.24","1,978.90",3.148,6.9195
2021/3/19,"14,908.95","3,272.73","1,944.70",3.108,6.9196
2021/3/22,"14,923.49","3,224.53","1,937.80",3.106,6.9127
2021/3/23,"14,881.40","3,225.12","1,934.30",3.14,6.886
2021/3/24,"14,614.27","3,271.07","1,943.20",3.173,6.8937
2021/3/25,"14,018.94","3,277.44","1,939.50",3.135,6.8654
2021/3/26,"13,670.08","3,320.13","1,954.90",3.147,6.8484
2021/3/29,"13,977.67","3,312.16","1,964.30",3.141,6.8282
2021/3/30,"13,820.05","3,373.73","1,947.90",3.13,6.8383
2021/3/31,"14,005.50","3,360.15","1,963.70",3.11,6.8468
2021/4/1,"14,007.66","3,342.20","1,966.20",3.099,6.8425
2021/4/2,"14,542.52","3,338.68","1,970.50",3.119,6.8305
2021/4/5,"14,555.48","3,310.10","1,949.90",3.091,6.8464
2021/4/6,"14,524.63","3,346.97","1,962.10",3.124,6.8333
2021/4/7,"14,681.07","3,339.90","1,910.60",3.156,6.8344
2021/4/8,"14,188.86","3,347.30","1,907.60",3.13,6.833
2021/4/9,"14,224.89","3,363.09","1,868.40",3.14,6.808
2021/4/12,"14,036.51","3,377.73","1,876.90",3.155,6.7801
2021/4/13,"14,133.83","3,414.49","1,866.30",3.2,6.7529
2021/4/14,"13,959.86","3,402.82","1,882.30",3.203,6.7628
2021/4/15,"14,030.95","3,362.33","1,903.20",3.197,6.7675
2021/4/16,"13,930.31","3,369.73","1,895.50",3.225,6.8043
2021/4/19,"14,070.20","3,408.31","1,916.30",3.205,6.7779
2021/4/20,"13,980.56","3,391.76","1,907.60",3.217,6.8089
2021/4/21,"13,796.30","3,451.94","1,920.10",3.233,6.8273
2021/4/22,"13,711.95","3,449.38","1,908.80",3.23,6.822
2021/4/23,"13,868.03","3,442.14","1,890.80",3.211,6.8106
2021/4/26,"14,187.76","3,444.58","1,895.10",3.203,6.815
2021/4/27,"14,200.25","3,416.60","1,926.20",3.204,6.7896
2021/4/28,"14,271.72","3,410.18","1,928.90",3.17,6.7898
2021/4/29,"14,275.81","3,371.96","1,894.60",3.205,6.7898
2021/4/30,"14,124.26","3,373.28","1,907.30",3.205,6.7908
2021/5/3,"13,853.87","3,347.19","1,908.90",3.18,6.7908
2021/5/4,"13,777.69","3,369.12","1,906.40",3.18,6.7908
2021/5/5,"13,666.89","3,367.23","1,911.70",3.186,6.7908
2021/5/6,"13,488.91","3,366.98","1,915.40",3.192,6.6933
2021/5/7,"13,560.62","3,404.87","1,929.50",3.192,6.7451
2021/5/10,"13,358.60","3,394.90","1,904.60",3.185,6.7452
2021/5/11,"12,906.63","3,420.57","1,905.20",3.176,6.7136
2021/5/12,"12,793.45","3,356.78","1,905.70",3.189,6.7233
2021/5/13,"12,882.07","3,382.32","1,911.90",3.211,6.6962
2021/5/14,"12,394.63","3,363.11","1,879.20",3.243,6.6803
2021/5/17,"12,546.96","3,396.56","1,868.00",3.243,6.6754
2021/5/18,"12,720.52","3,397.29","1,879.90",3.241,6.6503
2021/5/19,"12,911.03","3,379.04","1,892.50",3.258,6.6821
2021/5/20,"12,902.94","3,414.45","1,910.40",3.272,6.6843
2021/5/21,"13,185.86","3,473.07","1,896.20",3.285,6.7119
2021/5/24,"12,908.62","3,502.96","1,946.80",3.286,6.7044
2021/5/25,"12,812.47","3,528.68","1,951.70",3.318,6.7279
2021/5/26,"13,023.10","3,550.88","1,854.40",3.335,6.714
2021/5/27,"13,038.56","3,576.20","1,876.40",3.332,6.6919
2021/5/28,"12,914.27","3,570.11","1,861.60",3.289,6.6899
2021/5/31,"12,868.29","3,531.50","1,873.30",3.315,6.6759
2021/6/1,"13,067.55","3,608.34","1,886.20",3.307,6.648
2021/6/2,"13,451.70","3,598.65","1,887.80",3.307,6.6027
2021/6/3,"13,415.66","3,565.90","1,885.10",3.313,6.608
2021/6/4,"13,154.90","3,566.38","1,873.90",3.28,6.628
2021/6/7,"13,177.44","3,596.22","1,861.50",3.299,6.6146
2021/6/8,"12,937.33","3,566.38","1,872.40",3.314,6.6301
2021/6/9,"12,899.22","3,583.09","1,837.80",3.318,6.6114
2021/6/10,"12,857.64","3,621.26","1,804.60",3.301,6.6039
2021/6/11,"12,882.21","3,606.75","1,805.50",3.303,6.583
2021/6/14,"12,834.49","3,624.24","1,788.10",3.29,6.5556
2021/6/15,"12,894.47","3,569.43","1,788.10",3.301,6.5588
2021/6/16,"12,813.44","3,573.34","1,780.90",3.287,6.5789
2021/6/17,"12,663.80","3,505.18","1,818.90",3.307,6.5608
2021/6/18,"12,784.44","3,483.07","1,830.20",3.31,6.585
2021/6/21,"12,893.55","3,505.28","1,841.10",3.298,6.59
2021/6/22,"12,790.01","3,533.68","1,840.00",3.303,6.575
2021/6/23,"12,607.48","3,517.31","1,866.00",3.303,6.5741
2021/6/24,"12,875.03","3,501.86","1,874.90",3.306,6.5738
2021/6/25,"13,103.33","3,496.33","1,838.50",3.296,6.576
2021/6/28,"13,498.23","3,532.45","1,837.40",3.269,6.5705
2021/6/29,"13,429.33","3,603.49","1,843.60",3.244,6.5622
2021/6/30,"13,442.96","3,655.09","1,832.10",3.259,6.5418
2021/7/1,"13,270.69","3,675.36","1,855.30",3.24,6.5301
2021/7/2,"13,141.00","3,696.17","1,859.10",3.213,6.5295
2021/7/5,"12,820.43","3,642.44","1,890.40",3.205,6.5307
2021/7/6,"12,565.76","3,636.36","1,888.90",3.192,6.541
2021/7/7,"12,332.55","3,564.08","1,882.80",3.203,6.5435
2021/7/8,"12,134.09","3,585.05","1,870.30",3.218,6.5445
2021/7/9,"11,648.88","3,509.08","1,878.10",3.203,6.548
2021/7/12,"11,996.90","3,551.40","1,883.20",3.185,6.5388
2021/7/13,"11,981.15","3,508.59","1,880.40",3.186,6.5323
2021/7/14,"12,340.05","3,576.90","1,882.90",3.2,6.5321
2021/7/15,"12,329.22","3,503.49","1,893.40",3.173,6.5348
2021/7/16,"12,413.52","3,501.99","1,895.10",3.166,6.5467
2021/7/19,"12,310.33","3,421.41","1,946.60",3.133,6.5426
2021/7/20,"12,009.59","3,359.29","1,954.40",3.14,6.54
2021/7/21,"11,992.17","3,357.74","1,908.60",3.153,6.53
2021/7/22,"11,963.20","3,436.83","1,913.60",3.175,6.5408
2021/7/23,"12,054.03","3,453.08","1,835.40",3.176,6.5346
2021/7/26,"11,500.60","3,419.95","1,850.80",3.183,6.53
2021/7/27,"10,530.73","3,446.73","1,844.20",3.147,6.5208
2021/7/28,"9,758.47","3,445.55","1,854.90",3.155,6.525
2021/7/29,"10,296.20","3,463.07","1,851.40",3.137,6.5267
2021/7/30,"10,754.84","3,404.66","1,829.90",3.177,6.4601
2021/8/2,"10,436.78","3,443.44","1,840.20",3.172,6.455
2021/8/3,"10,554.94","3,411.51","1,842.00",3.206,6.4617
2021/8/4,"10,206.65","3,367.06","1,866.50",3.227,6.476
2021/8/5,"10,375.33","3,363.59","1,865.90",3.185,6.475
2021/8/6,"10,160.99","3,418.33","1,856.20",3.202,6.4795
2021/8/9,"10,172.27","3,435.30","1,855.20",3.215,6.461
2021/8/10,"10,375.27","3,456.68","1,850.90",3.236,6.4677
2021/8/11,"10,653.46","3,441.91","1,844.90",3.245,6.4736
2021/8/12,"10,585.93","3,466.33","1,841.20",3.239,6.48
2021/8/13,"10,427.38","3,484.39","1,850.30",3.249,6.4902
2021/8/16,"10,194.16","3,482.97","1,863.90",3.26,6.4777
2021/8/17,"9,813.77","3,479.63","1,833.40",3.263,6.465
2021/8/18,"9,447.90","3,482.55","1,835.10",3.31,6.4595
2021/8/19,"9,509.68","3,450.68","1,791.20",3.268,6.481
2021/8/20,"9,020.54","3,412.95","1,813.00",3.299,6.4784
2021/8/23,"8,996.56","3,396.47","1,834.20",3.275,6.4635
2021/8/24,"9,212.56","3,416.72","1,837.50",3.268,6.4822
2021/8/25,"10,057.04","3,398.99","1,842.70",3.264,6.4491
2021/8/26,"10,039.18","3,426.62","1,826.80",3.291,6.425
2021/8/27,"9,917.16","3,477.55","1,823.20",3.289,6.4669
2021/8/30,"9,785.44","3,472.94","1,799.00",3.258,6.4551
2021/8/31,"9,828.52","3,472.93","1,799.00",3.258,6.4579
2021/9/1,"10,235.11","3,465.11","1,772.80",3.266,6.4715
2021/9/2,"10,536.84","3,474.17","1,775.00",3.271,6.4664
2021/9/3,"10,529.62","3,441.17","1,777.40",3.27,6.4444
2021/9/6,"10,404.64","3,442.61","1,808.40",3.255,6.4344
2021/9/7,"10,509.35","3,457.07","1,805.90",3.257,6.4576
2021/9/8,"10,817.33","3,474.90","1,797.90",3.253,6.4542
2021/9/9,"10,748.63","3,446.86","1,775.40",3.249,6.4582
2021/9/10,"10,290.36","3,441.28","1,728.80",3.264,6.4582
2021/9/13,"10,412.93","3,418.87","1,723.00",3.273,6.4582
2021/9/14,"10,166.80","3,427.99","1,733.60",3.265,6.4582
2021/9/15,"9,956.17","3,441.85","1,715.80",3.266,6.4869
2021/9/16,"9,694.10","3,462.75","1,700.70",3.263,6.4555
2021/9/17,"9,603.03","3,429.54","1,698.50",3.251,6.4625
2021/9/20,"9,843.38","3,490.38","1,678.00",3.237,6.464
2021/9/21,"9,485.47","3,517.62","1,716.90",3.236,6.4556
2021/9/22,"9,440.38","3,529.01","1,721.80",3.214,6.4541
2021/9/23,"9,556.50","3,510.96","1,722.60",3.199,6.473
2021/9/24,"9,703.62","3,506.94","1,719.80",3.204,6.4648
2021/9/27,"9,483.00","3,486.56","1,729.20",3.209,6.4702
2021/9/28,"9,653.71","3,497.28","1,730.90",3.202,6.4675
2021/9/29,"9,667.10","3,581.34","1,727.10",3.201,6.4694
2021/9/30,"9,515.23","3,593.36","1,732.50",3.204,6.496
2021/10/1,"9,545.20","3,608.85","1,741.70",3.204,6.525
2021/10/4,"9,438.16","3,600.78","1,738.10",3.215,6.505
2021/10/5,"9,196.97","3,615.48","1,725.10",3.223,6.505
2021/10/6,"9,249.20","3,624.71","1,733.20",3.233,6.4932
2021/10/7,"9,224.70","3,597.14","1,725.10",3.217,6.5081
2021/10/8,"9,857.56","3,584.21","1,732.30",3.203,6.4996
2021/10/11,"10,041.87","3,591.84","1,712.20",3.173,6.5052
2021/10/12,"10,275.01","3,599.54","1,686.00",3.168,6.503
2021/10/13,"10,079.27","3,580.11","1,715.60",3.172,6.5054
2021/10/14,"10,246.03","3,591.40","1,728.40",3.166,6.507
2021/10/15,"10,162.53","3,610.86","1,728.80",3.16,6.507
2021/10/18,"10,334.15","3,589.75","1,743.00",3.159,6.516
2021/10/19,"10,354.51","3,556.56","1,741.60",3.156,6.523
2021/10/20,"10,678.83","3,518.33","1,758.20",3.159,6.5452
2021/10/21,"10,813.17","3,525.60","1,744.80",3.171,6.5412
2021/10/22,"10,716.21","3,525.10","1,732.70",3.199,6.5678
2021/10/25,"10,766.96","3,529.18","1,747.60",3.197,6.5716
2021/10/26,"10,684.64","3,557.41","1,736.30",3.204,6.5518
2021/10/27,"10,399.64","3,566.22","1,766.80",3.2,6.5645
2021/10/28,"10,169.86","3,566.65","1,780.20",3.192,6.5646
2021/10/29,"10,207.91","3,607.56","1,770.60",3.176,6.5671
2021/11/1,"9,967.57","3,606.37","1,778.40",3.148,6.537
2021/11/2,"10,133.89","3,573.18","1,793.10",3.161,6.5415
2021/11/3,"9,906.30","3,591.20","1,782.00",3.178,6.5505
2021/11/4,"10,028.06","3,588.78","1,777.80",3.151,6.5522
2021/11/5,"10,040.85","3,518.76","1,780.10",3.135,6.5443
2021/11/8,"9,772.18","3,534.32","1,778.80",3.132,6.5431
2021/11/9,"9,794.79","3,530.26","1,773.90",3.137,6.5292
2021/11/10,"9,760.50","3,553.72","1,768.30",3.133,6.522
2021/11/11,"10,034.94","3,525.50","1,767.70",3.148,6.5203
2021/11/12,"10,285.17","3,524.09","1,791.80",3.138,6.5085
2021/11/15,"10,386.51","3,547.84","1,776.00",3.121,6.4981
2021/11/16,"10,357.25","3,566.52","1,784.30",3.109,6.4903
2021/11/17,"10,544.95","3,528.50","1,815.70",3.078,6.491
2021/11/18,"10,359.02","3,564.59","1,831.30",3.094,6.4945
2021/11/19,"9,886.65","3,539.30","1,837.60",3.078,6.4954
2021/11/22,"9,813.49","3,539.12","1,836.10",3.076,6.4844
2021/11/23,"9,655.76","3,536.79","1,822.80",3.074,6.483
2021/11/24,"9,469.49","3,562.66","1,824.00",3.078,6.4771
2021/11/25,"9,507.82","3,574.73","1,838.10",3.088,6.471
2021/11/26,"9,561.50","3,550.40","1,867.60",3.077,6.473
2021/11/29,"9,250.92","3,467.44","1,868.00",3.08,6.4735
2021/11/30,"9,084.38","3,381.18","1,881.50",3.098,6.4735
2021/12/1,"8,882.86","3,361.59","1,881.90",3.095,6.4735
2021/12/2,"8,856.16","3,411.72","1,876.70",3.114,6.4598
2021/12/3,"8,854.66","3,397.36","1,884.50",3.12,6.431
2021/12/6,"8,429.84","3,464.29","1,898.00",3.12,6.4156
2021/12/7,"8,484.79","3,447.99","1,901.20",3.117,6.4285
2021/12/8,"8,814.96","3,477.22","1,895.70",3.107,6.4566
2021/12/9,"8,817.82","3,466.55","1,905.30",3.13,6.4506
2021/12/10,"8,813.64","3,458.23","1,905.00",3.13,6.4367
2021/12/13,"8,795.68","3,494.63","1,905.00",3.134,6.4388
2021/12/14,"8,721.81","3,529.93","1,909.90",3.14,6.425
2021/12/15,"8,692.77","3,532.62","1,873.30",3.13,6.4342
2021/12/16,"8,508.08","3,524.74","1,892.00",3.103,6.4339
2021/12/17,"8,395.93","3,516.30","1,898.80",3.098,6.4339
2021/12/20,"8,247.68","3,517.34","1,894.40",3.091,6.4177
2021/12/21,"7,964.51","3,446.98","1,895.50",3.093,6.41
2021/12/22,"8,331.00","3,485.29","1,896.40",3.093,6.3905
2021/12/23,"8,258.14","3,465.55","1,879.60",3.099,6.3824
2021/12/24,"8,298.96","3,427.33","1,865.90",3.093,6.3674
2021/12/27,"8,292.10","3,477.13","1,856.40",3.083,6.3688
2021/12/28,"8,247.52","3,514.47","1,861.40",3.096,6.3796
2021/12/29,"8,124.90","3,540.38","1,774.80",3.089,6.3805
2021/12/30,"7,926.04","3,501.66","1,769.00",3.085,6.4036
2021/12/31,"8,272.04","3,522.16","1,782.90",3.09,6.3945
2022/1/3,"8,330.59","3,528.15","1,777.40",3.065,6.3963
2022/1/4,"8,293.87","3,543.94","1,783.40",2.998,6.4
2022/1/5,"8,134.71","3,567.10","1,776.70",3.033,6.3865
2022/1/6,"7,844.54","3,597.04","1,777.80",2.956,6.3929
2022/1/7,"8,085.29","3,581.73","1,780.70",2.939,6.3967
2022/1/10,"8,249.62","3,621.86","1,763.60",2.95,6.3987
2022/1/11,"8,326.66","3,676.59","1,771.60",2.957,6.4052
2022/1/12,"8,546.47","3,675.19","1,776.80",2.954,6.3969
2022/1/13,"8,879.33","3,693.13","1,783.30",2.965,6.4477
2022/1/14,"8,612.66","3,703.11","1,794.20",2.959,6.4525
2022/1/17,"8,636.24","3,715.37","1,795.00",2.93,6.4659
2022/1/18,"8,553.69","3,662.60","1,802.10",2.935,6.4811
2022/1/19,"8,397.67","3,656.22","1,800.20",2.922,6.4727
2022/1/20,"8,420.09","3,607.09","1,810.60",2.888,6.4701
2022/1/21,"8,856.22","3,613.97","1,805.90",2.91,6.4545
2022/1/24,"8,667.07","3,628.49","1,809.90",2.923,6.4555
2022/1/25,"8,479.55","3,642.22","1,825.00",2.895,6.4635
2022/1/26,"8,382.21","3,613.07","1,829.00",2.845,6.4566
2022/1/27,"8,246.03","3,582.83","1,815.00",2.824,6.4679
2022/1/28,"7,977.70","3,602.22","1,809.20",2.845,6.4721
2022/1/31,"8,086.47","3,536.29","1,811.40",2.854,6.463
2022/2/1,"8,576.21","3,568.17","1,803.40",2.827,6.4752
2022/2/2,"8,611.18","3,592.17","1,805.40",2.823,6.4718
2022/2/3,"8,484.28","3,591.71","1,801.80",2.829,6.4898
2022/2/4,"8,437.63","3,546.94","1,799.20",2.873,6.4788
2022/2/7,"8,561.77","3,561.76","1,799.80",2.877,6.4751
2022/2/8,"8,374.19","3,558.28","1,799.70",2.888,6.4685
2022/2/9,"8,495.80","3,572.37","1,835.80",2.87,6.4688
2022/2/10,"8,806.86","3,568.14","1,817.20",2.879,6.4569
2022/2/11,"8,773.23","3,593.15","1,822.20",2.894,6.4785
2022/2/14,"8,596.98","3,587.00","1,814.10",2.892,6.4893
2022/2/15,"8,490.81","3,594.78","1,814.50",2.85,6.4845
2022/2/16,"8,587.52","3,582.60","1,808.90",2.849,6.4664
2022/2/17,"8,629.65","3,609.86","1,763.10",2.853,6.4699
2022/2/18,"8,608.37","3,597.64","1,726.50",2.869,6.4808
2022/2/21,"8,193.18","3,562.31","1,731.70",2.871,6.4825
2022/2/22,"7,998.14","3,518.42","1,753.30",2.858,6.5104
2022/2/23,"7,784.38","3,547.34","1,751.80",2.882,6.4905
2022/2/24,"7,718.48","3,544.48","1,778.20",2.909,6.4562
2022/2/25,"7,559.69","3,505.63","1,789.80",2.861,6.4609
2022/2/28,"7,564.05","3,498.54","1,787.80",2.857,6.462
2022/3/1,"7,471.22","3,526.87","1,784.40",2.831,6.47
2022/3/2,"7,559.59","3,491.57","1,783.10",2.838,6.4655
2022/3/3,"7,492.98","3,498.63","1,784.00",2.84,6.4608
2022/3/4,"7,256.83","3,507.00","1,806.30",2.838,6.4825
2022/3/7,"6,988.70","3,492.46","1,808.50",2.86,6.4857
2022/3/8,"6,671.67","3,532.79","1,791.00",2.872,6.4852
2022/3/9,"6,562.77","3,539.10","1,795.20",2.876,6.4783
2022/3/10,"6,743.69","3,533.30","1,819.50",2.884,6.4782
2022/3/11,"6,402.63","3,521.79","1,812.20",2.89,6.4768
2022/3/14,"6,008.52","3,537.37","1,818.10",2.89,6.4742
2022/3/15,"5,346.67","3,520.71","1,816.00",2.9,6.4854
2022/3/16,"5,143.80","3,560.37","1,811.50",2.894,6.4841
2022/3/17,"6,751.18","3,582.08","1,833.70",2.893,6.4942
2022/3/18,"6,799.60","3,589.09","1,798.50",2.891,6.5012
2022/3/21,"6,948.76","3,592.70","1,797.40",2.867,6.4805
2022/3/22,"6,709.62","3,584.18","1,793.50",2.866,6.471
2022/3/23,"7,177.70","3,564.09","1,800.00",2.874,6.4756
2022/3/24,"7,270.48","3,562.70","1,792.10",2.891,6.4809
2022/3/25,"6,996.68","3,563.89","1,794.40",2.881,6.4711
2022/3/28,"6,769.18","3,576.89","1,807.10",2.881,6.4658
2022/3/29,"6,957.38","3,573.84","1,794.80",2.878,6.4604
2022/3/30,"7,144.84","3,607.43","1,756.70",2.874,6.4586
2022/3/31,"7,117.92","3,589.31","1,751.40",2.909,6.4558
2022/4/1,"6,812.20","3,595.09","1,763.80",2.931,6.4528
2022/4/5,"7,350.65","3,637.57","1,778.20",2.964,6.4542
2022/4/6,"7,171.01","3,673.04","1,778.80",2.963,6.4662
2022/4/7,"7,003.43","3,666.35","1,749.80",2.969,6.4612
2022/4/8,"6,797.97","3,681.08","1,751.70",2.963,6.4514
2022/4/11,"6,727.06","3,661.53","1,752.00",2.994,6.444
2022/4/12,"6,520.41","3,647.63","1,737.50",3.043,6.4511
2022/4/13,"6,585.97","3,675.02","1,722.90",3.009,6.4382
2022/4/14,"6,691.65","3,632.36","1,757.00",3.014,6.432
2022/4/15,"6,559.54","3,593.60","1,758.40",2.971,6.4566
2022/4/18,"6,594.96","3,625.13","1,767.60",2.985,6.4655
2022/4/19,"6,542.97","3,622.62","1,760.90",2.985,6.4662
2022/4/20,"6,396.09","3,643.34","1,761.80",2.984,6.4662
2022/4/21,"6,262.84","3,618.05","1,759.20",2.981,6.4583
2022/4/22,"6,000.77","3,615.97","1,757.40",2.975,6.459
2022/4/25,"6,040.55","3,630.11","1,755.70",2.976,6.466
2022/4/26,"5,965.44","3,597.00","1,759.30",2.948,6.456
2022/4/27,"6,060.64","3,619.19","1,794.70",2.933,6.4595
2022/4/28,"6,232.50","3,639.78","1,797.90",2.944,6.4702
2022/4/29,"6,343.47","3,632.33","1,768.30",2.93,6.4452
2022/5/2,"6,994.18","3,595.18","1,765.70",2.897,6.4466
2022/5/3,"7,096.97","3,586.08","1,770.50",2.905,6.4466
2022/5/4,"7,080.86","3,579.54","1,784.90",2.909,6.4466
2022/5/5,"6,998.98","3,593.52","1,781.90",2.911,6.4466
2022/5/6,"6,710.92","3,567.44","1,796.30",2.939,6.4466
2022/5/9,"6,443.20","3,597.43","1,806.80",2.939,6.4435
2022/5/10,"6,293.10","3,555.26","1,793.40",2.954,6.4501
2022/5/11,"6,250.96","3,521.26","1,798.80",2.932,6.4485
2022/5/12,"6,314.53","3,541.67","1,802.60",2.929,6.4262
2022/5/13,"6,230.90","3,569.91","1,783.90",2.931,6.438
2022/5/16,"6,658.41","3,558.18","1,795.80",2.924,6.434
2022/5/18,"6,937.19","3,555.06","1,789.40",2.929,6.429
2022/5/19,"6,746.52","3,522.57","1,763.90",2.923,6.3822
2022/5/20,"6,625.08","3,524.10","1,793.50",2.923,6.3936
2022/5/23,"6,728.22","3,433.06","1,816.80",2.9,6.3925
2022/5/24,"6,576.86","3,455.67","1,828.00",2.893,6.3839
2022/5/25,"6,258.21","3,394.25","1,830.80",2.865,6.3856
2022/5/26,"6,271.28","3,361.44","1,848.30",2.878,6.382
2022/5/27,"6,611.71","3,429.58","1,863.90",2.864,6.3915
2022/5/30,"6,804.83","3,452.63","1,868.50",2.867,6.3917
2022/5/31,"6,903.21","3,479.95","1,866.60",2.879,6.405
2022/6/1,"7,118.02","3,485.91","1,854.10",2.899,6.3972
2022/6/2,"7,011.69","3,462.95","1,870.20",2.91,6.3995
2022/6/3,"7,187.76","3,428.88","1,861.40",2.826,6.4061
2022/6/6,"7,073.66","3,446.09","1,851.60",2.855,6.397
2022/6/7,"7,385.48","3,465.83","1,806.30",2.863,6.398
2022/6/8,"7,543.67","3,468.04","1,783.80",2.86,6.3902
2022/6/9,"8,115.24","3,490.76","1,784.30",2.848,6.3916
2022/6/10,"7,808.97","3,490.61","1,788.10",2.86,6.3882
2022/6/13,"7,838.47","3,457.15","1,786.90",2.849,6.3898
2022/6/14,"7,381.40","3,489.15","1,785.20",2.85,6.3787
2022/6/15,"7,439.95","3,429.96","1,776.50",2.86,6.3824
2022/6/16,"7,618.25","3,451.41","1,784.30",2.856,6.3919
2022/6/17,"7,313.22","3,462.31","1,762.70",2.858,6.3775
2022/6/20,"7,449.24","3,488.83","1,783.90",2.863,6.3851
2022/6/21,"7,453.80","3,484.19","1,779.50",2.843,6.3863
2022/6/22,"7,600.20","3,481.11","1,784.70",2.82,6.3842
2022/6/23,"7,342.16","3,447.65","1,785.50",2.833,6.391
2022/6/24,"7,552.55","3,372.86","1,776.70",2.814,6.3917
2022/6/28,"7,963.05","3,293.53","1,784.80",2.805,6.386
2022/6/29,"7,919.74","3,256.39","1,788.30",2.793,6.3924
2022/6/30,"7,761.93","3,296.09","1,772.30",2.778,6.3875
2022/7/1,"7,611.88","3,309.75","1,764.50",2.783,6.364
2022/7/4,"7,606.66","3,223.53","1,798.20",2.793,6.3673
2022/7/5,"7,679.45","3,063.97","1,804.90",2.809,6.3763
2022/7/6,"7,704.55","3,170.71","1,794.60",2.822,6.3758
2022/7/7,"7,653.97","3,215.04","1,788.70",2.823,6.3756
2022/7/8,"7,652.36","3,251.07","1,802.20",2.809,6.3657
2022/7/11,"7,711.58","3,253.69","1,811.70",2.799,6.3435
2022/7/12,"7,326.23","3,259.86","1,808.80",2.8,6.3772
2022/7/13,"7,172.55","3,271.03","1,810.90",2.794,6.3685
2022/7/14,"7,191.11","3,250.26","1,805.80",2.795,6.363
2022/7/15,"7,224.56","3,212.24","1,814.10",2.791,6.3671
2022/7/18,"6,982.05","3,214.50","1,828.60",2.756,6.3673
2022/7/19,"7,175.70","3,203.94","1,800.10",2.732,6.3674
2022/7/20,"7,110.49","3,266.60","1,814.60",2.726,6.3748
2022/7/21,"7,240.82","3,252.20","1,825.10",2.713,6.3756
2022/7/22,"7,218.48","3,282.72","1,789.20",2.686,6.3716
2022/7/25,"7,186.73","3,283.43","1,797.40",2.672,6.3695
2022/7/26,"7,097.46","3,236.70","1,798.80",2.715,6.3696
2022/7/27,"7,223.86","3,251.85","1,818.50",2.735,6.3672
2022/7/28,"7,114.59","3,167.13","1,827.30",2.717,6.3705
2022/7/29,"7,021.72","3,213.33","1,821.40",2.724,6.3684
2022/8/1,"6,659.74","3,186.82","1,816.50",2.717,6.368
2022/8/2,"6,547.37","3,225.64","1,812.40",2.722,6.3691
2022/8/3,"6,409.23","3,211.24","1,814.10",2.722,6.3521
2022/8/4,"6,596.45","3,195.52","1,843.20",2.734,6.3561
2022/8/5,"6,823.40","3,194.03","1,842.60",2.744,6.3721
2022/8/8,"6,721.82","3,151.05","1,831.80",2.794,6.364
2022/8/9,"6,556.00","3,079.81","1,841.70",2.798,6.3822
2022/8/10,"6,498.25","3,086.92","1,852.50",2.8,6.3769
2022/8/11,"6,384.35","2,928.51","1,829.70",2.793,6.3756
2022/8/12,"6,582.44","2,886.43","1,793.10",2.783,6.3735
2022/8/15,"6,636.21","2,958.28","1,786.60",2.804,6.358
2022/8/16,"6,610.49","2,975.48","1,796.40",2.837,6.3595
2022/8/17,"6,512.74","3,047.06","1,801.50",2.843,6.3524
2022/8/18,"6,546.59","3,067.76","1,810.30",2.818,6.3482
2022/8/19,"6,515.09","3,001.56","1,804.10",2.806,6.3525
2022/8/22,"6,556.30","3,004.14","1,807.80",2.79,6.3447
2022/8/23,"6,545.86","3,035.84","1,821.80",2.791,6.3406
2022/8/24,"6,610.13","3,058.70","1,827.90",2.818,6.3385
2022/8/25,"6,515.43","3,054.99","1,836.60",2.833,6.3304
2022/8/26,"7,009.38","3,084.28","1,837.40",2.844,6.3257
2022/8/29,"7,068.33","3,073.75","1,842.10",2.832,6.3206
2022/8/30,"7,090.49","3,093.70","1,869.40",2.84,6.3643
2022/8/31,"7,079.17","3,085.98","1,856.20",2.84,6.3605
2022/9/1,"7,149.00","3,096.96","1,871.50",2.863,6.361
2022/9/2,"7,000.51","3,146.57","1,902.00",2.861,6.361
2022/9/5,"6,971.95","3,146.86","1,899.80",2.823,6.361
2022/9/6,"6,831.42","3,070.93","1,907.40",2.833,6.361
2022/9/7,"6,766.49","3,107.46","1,907.40",2.78,6.361
2022/9/8,"6,727.65","3,123.11","1,910.40",2.824,6.3583
2022/9/9,"6,638.12","3,130.24","1,926.30",2.81,6.366
2022/9/12,"6,824.62","3,149.06","1,887.60",2.813,6.3619
2022/9/13,"6,845.94","3,186.43","1,900.70",2.803,6.3526
2022/9/14,"6,778.46","3,182.16","1,943.80",2.819,6.354
2022/9/15,"6,617.48","3,195.46","1,922.30",2.84,6.3567
2022/9/16,"6,644.40","3,236.37","1,935.90",2.844,6.3385
2022/9/19,"6,505.14","3,241.76","1,966.60",2.815,6.3332
2022/9/20,"6,386.40","3,263.79","1,995.90",2.811,6.3381
2022/9/21,"6,530.62","3,238.95","2,043.30",2.811,6.3251
2022/9/22,"6,323.61","3,284.83","1,988.20",2.808,6.3345
2022/9/23,"6,238.40","3,255.55","2,000.40",2.802,6.326
2022/9/26,"6,076.73","3,288.91","1,985.00",2.817,6.3134
2022/9/27,"6,233.77","3,305.41","1,960.80",2.811,6.3283
2022/9/28,"6,288.00","3,285.38","1,929.70",2.822,6.3169
2022/9/29,"6,136.83","3,316.79","1,909.20",2.79,6.3084
2022/9/30,"6,116.79","3,315.43","1,943.20",2.786,6.3116
2022/10/3,"6,085.18","3,306.72","1,929.30",2.79,6.321
2022/10/4,"6,035.30","3,267.20","1,929.50",2.803,6.3195
2022/10/5,"6,083.00","3,320.15","1,921.50",2.811,6.3188
2022/10/6,"6,484.79","3,349.75","1,937.30",2.814,6.3194
2022/10/7,"6,437.99","3,379.19","1,962.20",2.815,6.3178
2022/10/10,"6,253.30","3,409.21","1,954.20",2.807,6.3174
2022/10/11,"5,999.65","3,361.52","1,939.80",2.817,6.3212
2022/10/12,"5,771.41","3,398.62","1,912.20",2.851,6.3389
2022/10/13,"5,720.51","3,387.64","1,939.00",2.852,6.3607
2022/10/14,"5,558.77","3,405.43","1,954.00",2.862,6.3696
2022/10/17,"5,593.30","3,404.03","1,923.70",2.853,6.351
2022/10/18,"5,585.98","3,355.35","1,934.00",2.878,6.3459
2022/10/19,"5,768.13","3,364.40","1,927.50",2.854,6.3609
2022/10/20,"5,497.79","3,356.08","1,923.10",2.821,6.3552
2022/10/21,"5,309.98","3,313.58","1,937.80",2.833,6.366
2022/10/24,"5,312.72","3,281.47","1,945.60",2.843,6.372
2022/10/25,"4,648.07","3,284.29","1,948.20",2.85,6.367
2022/10/26,"4,796.31","3,281.74","1,976.10",2.841,6.3658
2022/10/27,"4,894.45","3,228.06","1,984.70",2.832,6.3714
2022/10/28,"4,970.88","3,278.10","1,974.90",2.834,6.3602
2022/10/31,"4,707.08","3,279.43","1,986.40",2.842,6.347
2022/11/1,"4,755.10","3,304.72","1,959.00",2.823,6.3393
2022/11/2,"5,184.25","3,272.00","1,955.60",2.811,6.3625
2022/11/3,"5,311.29","3,269.97","1,948.20",2.828,6.3631
2022/11/4,"5,123.38","3,250.39","1,934.30",2.815,6.3631
2022/11/7,"5,588.36","3,277.44","1,896.00",2.818,6.359
2022/11/8,"5,660.29","3,275.76","1,904.10",2.828,6.3564
2022/11/9,"5,567.50","3,282.58","1,888.70",2.822,6.361
2022/11/10,"5,392.40","3,253.24","1,891.30",2.808,6.366
2022/11/11,"5,296.07","3,259.96","1,911.70",2.811,6.3651
2022/11/14,"5,869.95","3,186.27","1,863.60",2.822,6.3678
2022/11/15,"5,847.16","3,163.67","1,870.60",2.805,6.3775
2022/11/16,"6,346.30","3,189.04","1,868.80",2.801,6.3705
2022/11/17,"6,333.23","3,227.03","1,875.70",2.782,6.363
2022/11/18,"6,280.73","3,236.93","1,882.80",2.747,6.393
2022/11/21,"6,363.14","3,247.43","1,858.60",2.75,6.4188
2022/11/22,"6,158.85","3,230.02","1,841.00",2.76,6.45
2022/11/23,"5,988.77","3,281.67","1,853.70",2.803,6.501
2022/11/24,"6,063.74","3,276.89","1,824.60",2.8,6.5585
2022/11/25,"6,064.32","3,276.09","1,808.20",2.808,6.5552
2022/11/29,"5,917.49","3,277.88","1,814.00",2.822,6.5595
2022/11/30,"6,429.68","3,292.53","1,818.90",2.812,6.6243
2022/12/1,"6,591.93","3,277.54","1,815.90",2.814,6.608
2022/12/2,"6,667.39","3,258.08","1,841.20",2.807,6.6085
2022/12/5,"6,747.83","3,277.79","1,842.10",2.81,6.6085
2022/12/6,"7,194.74","3,276.22","1,847.80",2.812,6.6085
2022/12/7,"7,034.34","3,215.20","1,865.40",2.818,6.6535
2022/12/8,"6,753.24","3,246.25","1,846.30",2.828,6.6651
2022/12/9,"7,111.09","3,236.22","1,847.60",2.821,6.7295
2022/12/12,"7,286.27","3,240.73","1,857.30",2.816,6.7343
2022/12/13,"6,999.83","3,227.22","1,848.40",2.794,6.7186
2022/12/14,"7,072.52","3,202.14","1,848.40",2.791,6.786
2022/12/15,"7,138.70","3,184.98","1,848.70",2.78,6.788
2022/12/16,"6,921.42","3,186.48","1,871.40",2.784,6.7822
2022/12/19,"6,985.95","3,199.91","1,850.20",2.801,6.7337
2022/12/20,"7,010.49","3,243.45","1,843.70",2.838,6.754
2022/12/21,"6,831.88","3,246.29","1,852.10",2.847,6.7085
2022/12/22,"6,846.57","3,235.59","1,856.50",2.838,6.6921
2022/12/23,"7,139.49","3,262.05","1,852.80",2.824,6.649
2022/12/26,"7,024.02","3,263.80","1,875.50",2.827,6.653
2022/12/27,"7,017.57","3,237.54","1,831.80",2.856,6.6916
2022/12/28,"7,012.10","3,199.92","1,813.50",2.851,6.738
2022/12/29,"7,086.40","3,126.40","1,819.60",2.839,6.698
2022/12/30,"7,065.11","3,115.60","1,849.90",2.842,6.6597
2023/1/2,"7,014.65","3,122.41","1,840.60",2.843,6.6715
2023/1/3,"7,014.65","3,117.18","1,838.80",2.824,6.6858
2023/1/4,"7,188.42","3,108.91","1,838.80",2.817,6.6596
2023/1/5,"7,585.81","3,088.37","1,838.40",2.813,6.6603
2023/1/6,"7,751.57","3,051.23","1,829.80",2.797,6.6534
2023/1/9,"7,743.13","3,093.86","1,830.30",2.792,6.6675
2023/1/10,"7,954.68","3,045.07","1,824.80",2.789,6.6825
2023/1/11,"7,833.70","3,041.20","1,821.20",2.796,6.6915
2023/1/12,"7,928.36","3,024.39","1,817.50",2.78,6.7081
2023/1/13,"7,808.26","2,974.15","1,807.30",2.77,6.753
2023/1/16,"7,901.43","2,979.79","1,801.50",2.785,6.7395
2023/1/17,"7,830.94","3,025.51","1,763.90",2.785,6.7128
2023/1/18,"7,833.55","3,016.36","1,768.90",2.775,6.703
2023/1/19,"7,845.62","3,071.99","1,736.50",2.771,6.716
2023/1/20,"7,787.74","3,084.94","1,739.70",2.783,6.69
2023/1/23,"8,032.20","3,080.96","1,742.30",2.759,6.688
2023/1/24,"8,044.48","3,044.38","1,731.70",2.736,6.6983
2023/1/25,"8,044.95","3,035.05","1,724.80",2.733,6.698
2023/1/26,"8,045.13","3,038.93","1,735.50",2.728,6.6878
2023/1/27,"8,301.48","2,977.56","1,705.80",2.722,6.6899
2023/1/30,"8,374.64","2,976.28","1,703.60",2.738,6.707
2023/1/31,"7,908.15","2,999.50","1,710.20",2.743,6.6997
2023/2/1,"7,825.91","2,982.90","1,710.70",2.748,6.6981
2023/2/2,"8,013.70","2,915.93","1,700.20",2.741,6.7
2023/2/3,"7,914.40","2,893.48","1,713.40",2.737,6.6995
2023/2/6,"7,800.12","2,969.20","1,727.40",2.739,6.7192
2023/2/7,"7,602.57","3,003.37","1,719.10",2.672,6.707
2023/2/8,"7,753.83","2,997.81","1,717.70",2.637,6.7005
2023/2/9,"7,610.42","3,070.80","1,719.10",2.643,6.6945
2023/2/10,"7,829.33","3,077.82","1,769.20",2.624,6.7175
2023/2/13,"7,537.05","3,064.49","1,781.80",2.623,6.7234
2023/2/14,"7,627.57","3,048.17","1,787.70",2.63,6.7175
2023/2/15,"7,523.88","3,036.13","1,789.70",2.639,6.7542
2023/2/16,"7,475.02","3,087.29","1,776.40",2.639,6.7565
2023/2/17,"7,628.41","3,083.40","1,806.90",2.66,6.742
2023/2/20,"7,443.75","3,134.08","1,791.20",2.669,6.743
2023/2/21,"7,490.14","3,119.98","1,805.20",2.657,6.754
2023/2/22,"7,147.74","3,115.43","1,812.30",2.639,6.7655
2023/2/23,"7,073.52","3,097.24","1,813.70",2.649,6.75
2023/2/24,"7,164.50","3,085.04","1,807.20",2.633,6.7499
2023/2/27,"6,881.09","3,088.94","1,815.50",2.636,6.7616
2023/2/28,"6,959.26","3,096.91","1,798.10",2.634,6.757
2023/3/1,"6,852.11","3,089.31","1,789.70",2.627,6.7465
2023/3/2,"7,269.43","3,101.69","1,776.70",2.631,6.7433
2023/3/3,"7,097.34","3,078.55","1,771.20",2.638,6.7674
2023/3/6,"7,227.50","3,149.75","1,762.90",2.652,6.7499
2023/3/7,"7,151.00","3,151.34","1,748.40",2.653,6.7565
2023/3/8,"7,104.58","3,165.47","1,761.20",2.66,6.7485
2023/3/9,"6,937.16","3,156.14","1,761.50",2.666,6.7607
2023/3/10,"6,780.64","3,211.81","1,771.40",2.685,6.7505
2023/3/13,"6,564.80","3,212.53","1,749.80",2.677,6.7525
2023/3/14,"6,736.40","3,199.62","1,749.70",2.665,6.723
2023/3/15,"6,566.43","3,197.35","1,736.30",2.668,6.7445
2023/3/16,"6,616.77","3,206.95","1,726.20",2.678,6.7425
2023/3/17,"6,564.53","3,179.04","1,709.30",2.693,6.7715
2023/3/20,"6,685.03","3,176.33","1,722.60",2.723,6.7875
2023/3/21,"6,477.38","3,176.53","1,718.65",2.715,6.7805
2023/3/22,"6,602.94","3,168.65","1,712.90",2.746,6.7855
2023/3/23,"6,658.04","3,167.86","1,707.90",2.757,6.8164
2023/3/24,"7,032.28","3,107.11","1,727.80",2.782,6.8476
2023/3/27,"6,982.76","3,073.77","1,720.20",2.764,6.8336
2023/3/28,"6,817.66","3,068.41","1,728.60",2.773,6.8581
2023/3/29,"6,946.74","3,054.43","1,740.60",2.763,6.8477
2023/3/30,"7,234.28","3,045.87","1,717.40",2.75,6.8715
2023/3/31,"7,320.35","3,065.56","1,709.10",2.753,6.9067
,,,,,
,,,,,
,,,,,
,,,,,
,,,,,
,,,,,
,,,,,
,,,,,
,,,,,
,,,,,
,,,,,
,,,,,
,,,,,
,,,,,
,,,,,
,,,,,
,,,,,
,,,,,
,,,,,
,,,,,
,,,,,
,,,,,
,,,,,
,,,,,
,,,,,
,,,,,
,,,,,
,,,,,
,,,,,
,,,,,
,,,,,
,,,,,
,,,,,
,,,,,
,,,,,
,,,,,
,,,,,
,,,,,
,,,,,
,,,,,
,,,,,
,,,,,
,,,,,
,,,,,
,,,,,
,,,,,
,,,,,
,,,,,
,,,,,
,,,,,
,,,,,
,,,,,
,,,,,
,,,,,
,,,,,
,,,,,
,,,,,
,,,,,
,,,,,
,,,,,
,,,,,
,,,,,
,,,,,
,,,,,
,,,,,
,,,,,
,,,,,
,,,,,
,,,,,
,,,,,
,,,,,
,,,,,
,,,,,
,,,,,
,,,,,
,,,,,
,,,,,
,,,,,
,,,,,
,,,,,
,,,,,
,,,,,
,,,,,
,,,,,
,,,,,
,,,,,
,,,,,
,,,,,
,,,,,
,,,,,
,,,,,
,,,,,
,,,,,
,,,,,
,,,,,
,,,,,
,,,,,
,,,,,
,,,,,
,,,,,
,,,,,
,,,,,
,,,,,
,,,,,
,,,,,
,,,,,
,,,,,
,,,,,
,,,,,
,,,,,
,,,,,
,,,,,
,,,,,
,,,,,
,,,,,
,,,,,
,,,,,
,,,,,
,,,,,
,,,,,
,,,,,
,,,,,
,,,,,
,,,,,
,,,,,
,,,,,
,,,,,
,,,,,
,,,,,
,,,,,
,,,,,
,,,,,
,,,,,
,,,,,
,,,,,
,,,,,
,,,,,
,,,,,
,,,,,
,,,,,
,,,,,
,,,,,
,,,,,
,,,,,
,,,,,
,,,,,
,,,,,
,,,,,
,,,,,
,,,,,
,,,,,
,,,,,
,,,,,
,,,,,
,,,,,
,,,,,
,,,,,
,,,,,
,,,,,
,,,,,
,,,,,
